-- phpMyAdmin SQL Dump
-- version 5.2.1
-- https://www.phpmyadmin.net/
--
-- Host: 127.0.0.1
-- Generation Time: Apr 14, 2026 at 12:46 PM
-- Server version: 10.4.32-MariaDB
-- PHP Version: 8.2.12

SET SQL_MODE = "NO_AUTO_VALUE_ON_ZERO";
START TRANSACTION;
SET time_zone = "+00:00";


/*!40101 SET @OLD_CHARACTER_SET_CLIENT=@@CHARACTER_SET_CLIENT */;
/*!40101 SET @OLD_CHARACTER_SET_RESULTS=@@CHARACTER_SET_RESULTS */;
/*!40101 SET @OLD_COLLATION_CONNECTION=@@COLLATION_CONNECTION */;
/*!40101 SET NAMES utf8mb4 */;

--
-- Database: `itpsystem`
--

-- --------------------------------------------------------

--
-- Table structure for table `assembly_code`
--

CREATE TABLE `assembly_code` (
  `assembly_code` varchar(50) NOT NULL,
  `id_subblok` int(11) DEFAULT NULL,
  `keterangan` text DEFAULT NULL
) ENGINE=InnoDB DEFAULT CHARSET=utf8mb4 COLLATE=utf8mb4_general_ci;

--
-- Dumping data for table `assembly_code`
--

INSERT INTO `assembly_code` (`assembly_code`, `id_subblok`, `keterangan`) VALUES
('LNG-M1', 9, 'Assembly Modular M1'),
('LNG-M1-B1', 4, 'Join Block 1'),
('LNG-M1-B1-BTM', 1, 'Bottom Panel Block 1 (Portside)'),
('LNG-M1-B1-LBHD4200-P', 1, 'Longitudinal Bulkhead 4200 of Center Line Panel Block 1 (Portside)'),
('LNG-M1-B1-LBHD4200-S', 1, 'Longitudinal Bulkhead 4200 of Center Line Panel Block 1 (Starboard)'),
('LNG-M1-B1-MD', 3, 'Up to Upper Main Deck Sub-Block Block 1'),
('LNG-M1-B1-MD-LBHD2100-P', 2, 'Longitudinal Bulkhead 2100 OCL Above Main Deck Panel Block 1 (Portside)'),
('LNG-M1-B1-MD-LBHD2100-S', 2, 'Longitudinal Bulkhead 2100 OCL Above Main Deck Panel Block 1 (Starboard)'),
('LNG-M1-B1-MD-PD6300', 2, 'Poop Deck Panel 6300 Above Base line Block 1'),
('LNG-M1-B1-MD-SS-P', 2, 'Side Shell Above Main Deck Block 1 (Portside)'),
('LNG-M1-B1-MD-SS-S', 2, 'Side Shell Above Main Deck Block 1 (Starboard)'),
('LNG-M1-B1-MD-TBHD3', 2, 'Transverse Bulkhead FR.3 Above Main Deck Panel Block 1'),
('LNG-M1-B1-MD-TRSM', 2, 'Transom Bulkhead Above Main Deck Panel Block 1'),
('LNG-M1-B1-MD4000', 1, 'Main Deck Panel Block 1'),
('LNG-M1-B1-SS-P', 1, 'Side Shell Panel Block 1 (Portside)'),
('LNG-M1-B1-SS-S', 1, 'Side Shell Panel Block 1 (Starboard)'),
('LNG-M1-B1-TBHD3', 1, 'Transverse Bulkhead FR.3 Panel Block 1'),
('LNG-M1-B1-TRSM', 1, 'Transom Bulkhead Panel Block 1'),
('LNG-M1-B2', 8, 'Assembly Block 2'),
('LNG-M1-B2-BTM', 5, 'Bottom Panel Block 2'),
('LNG-M1-B2-LBHD4200-P', 5, 'Longitudinal Bulkhead 4200 of Center Line Panel Block 2 (Portside)'),
('LNG-M1-B2-LBHD4200-S', 5, 'Longitudinal Bulkhead 4200 of Center Line Panel Block 2 (Starboard)'),
('LNG-M1-B2-MD', 7, 'Up to Upper Main Deck Sub-Block Block 2'),
('LNG-M1-B2-MD-LBHD2100-P', 6, 'Longitudinal Bulkhead 2100 OCL Above Main Deck Panel Block 2 (Portside)'),
('LNG-M1-B2-MD-LBHD2100-S', 6, 'Longitudinal Bulkhead 2100 OCL Above Main Deck Panel Block 2 (Starboard)'),
('LNG-M1-B2-MD-PD6300', 6, 'Poop Deck Panel 6300 Above Base line Block 2'),
('LNG-M1-B2-MD-SS-P', 6, 'Side Shell Above Main Deck Block 2 (Portside)'),
('LNG-M1-B2-MD-SS-S', 6, 'Side Shell Above Main Deck Block 2 (Starboard)'),
('LNG-M1-B2-MD-TBHD11', 6, 'Transverse Bulkhead FR.11 Above Main Deck Panel Block 2'),
('LNG-M1-B2-MD-TBHD16-SLTD', 6, 'Transverse Bulkhead FR.11 Slanted Above Main Deck Panel Block 2'),
('LNG-M1-B2-MD-TBHD8', 6, 'Transverse Bulkhead FR.8 Above Main Deck Panel Block 2'),
('LNG-M1-B2-MD-TBHD9+300', 6, 'Transverse Bulkhead FR.9+300 Above Main Deck Panel Block 2'),
('LNG-M1-B2-MD4000', 5, 'Main Deck Panel Block 2'),
('LNG-M1-B2-SS-P', 5, 'Side Shell Panel Block 2 (Portside)'),
('LNG-M1-B2-SS-S', 5, 'Side Shell Panel Block 2 (Starboard)'),
('LNG-M2', 18, 'Join Block 3 dan Block 4'),
('LNG-M2-B3', 13, 'Up to Main Deck Sub-Block B-3'),
('LNG-M2-B3-BTM', 10, 'Bottom Panel Block 3'),
('LNG-M2-B3-LBHD2100-P', 10, 'Longitudinal Bulkhead 2100 of Center Line Panel Block 3 (Portside)'),
('LNG-M2-B3-LBHD2100-S', 10, 'Longitudinal Bulkhead 2100 of Center Line Panel Block 3 (Starboard)'),
('LNG-M2-B3-MD3500', 10, 'Main Deck Panel Block 3'),
('LNG-M2-B3-RLDK-P', 11, 'Assembly Rail Deck Block 3 (Portside)'),
('LNG-M2-B3-RLDK-S', 12, 'Assembly Rail Deck Block 3 (Starboard)'),
('LNG-M2-B3-SS-P', 10, 'Side Shell Panel Block 3 (Portside)'),
('LNG-M2-B3-SS-S', 10, 'Side Shell Panel Block 3 (Starboard)'),
('LNG-M2-B3-TBHD18', 10, 'Transverse Bulkhead FR.18 Panel Block 3'),
('LNG-M2-B3-TBHD23', 10, 'Transverse Bulkhead FR.23 Panel Block 3'),
('LNG-M2-B4', 17, 'Up to Main Deck Sub-Block B-4'),
('LNG-M2-B4-BTM', 14, 'Bottom Panel Block 4'),
('LNG-M2-B4-LBHD2100-P', 14, 'Longitudinal Bulkhead 2100 of Center Line Panel Block 4 (Portside)'),
('LNG-M2-B4-LBHD2100-S', 14, 'Longitudinal Bulkhead 2100 of Center Line Panel Block 4 (Starboard)'),
('LNG-M2-B4-MD3500', 14, 'Main Deck Panel Block 4'),
('LNG-M2-B4-RLDK-P', 15, 'Assembly Rail Deck Block 4 (Portside)'),
('LNG-M2-B4-RLDK-S', 16, 'Assembly Rail Deck Block 4 (Starboard)'),
('LNG-M2-B4-SS-P', 14, 'Side Shell Panel Block 4 (Portside)'),
('LNG-M2-B4-SS-S', 14, 'Side Shell Panel Block 4 (Starboard)'),
('LNG-M2-B4-TBHD28', 14, 'Transverse Bulkhead FR.28 Panel Block 4'),
('LNG-M3', 27, 'Join Block 5 dan Block 6'),
('LNG-M3-B5', 22, 'Up to Main Deck Sub-Block B-5'),
('LNG-M3-B5-BTM', 19, 'Bottom Panel Block 5'),
('LNG-M3-B5-LBHD2100-P', 19, 'Longitudinal Bulkhead 2100 of Center Line Panel Block 5 (Portside)'),
('LNG-M3-B5-LBHD2100-S', 19, 'Longitudinal Bulkhead 2100 of Center Line Panel Block 5 (Starboard)'),
('LNG-M3-B5-MD3500', 19, 'Main Deck Panel Block 5'),
('LNG-M3-B5-RLDK-P', 20, 'Assembly Rail Deck Block 5 (Portside)'),
('LNG-M3-B5-RLDK-S', 21, 'Assembly Rail Deck Block 5 (Starboard)'),
('LNG-M3-B5-SS-P', 19, 'Side Shell Panel Block 5 (Portside)'),
('LNG-M3-B5-SS-S', 19, 'Side Shell Panel Block 5 (Starboard)'),
('LNG-M3-B5-TBHD38', 19, 'Transverse Bulkhead FR.38 Panel Block 5'),
('LNG-M3-B6', 26, 'Up to Main Deck Sub-Block B-6'),
('LNG-M3-B6-BTM', 23, 'Bottom Panel Block 6'),
('LNG-M3-B6-LBHD2100-P', 23, 'Longitudinal Bulkhead 2100 of Center Line Panel Block 6 (Portside)'),
('LNG-M3-B6-LBHD2100-S', 23, 'Longitudinal Bulkhead 2100 of Center Line Panel Block 6 (Starboard)'),
('LNG-M3-B6-MD3500', 23, 'Main Deck Panel Block 6'),
('LNG-M3-B6-RLDK-P', 24, 'Assembly Rail Deck Block 6 (Portside)'),
('LNG-M3-B6-RLDK-S', 25, 'Assembly Rail Deck Block 6 (Starboard)'),
('LNG-M3-B6-SS-P', 23, 'Side Shell Panel Block 6 (Portside)'),
('LNG-M3-B6-SS-S', 23, 'Side Shell Panel Block 6 (Starboard)'),
('LNG-M3-B6-TBHD48', 23, 'Transverse Bulkhead FR.48 Panel Block 6'),
('LNG-M4', 37, 'Join Block 7 dan Block 8'),
('LNG-M4-B7', 31, 'Up to Main Deck Sub-Block B-7'),
('LNG-M4-B7-BTM', 28, 'Bottom Panel Block 7'),
('LNG-M4-B7-LBHD2100-P', 28, 'Longitudinal Bulkhead 2100 of Center Line Panel Block 7 (Portside)'),
('LNG-M4-B7-LBHD2100-S', 28, 'Longitudinal Bulkhead 2100 of Center Line Panel Block 7 (Starboard)'),
('LNG-M4-B7-MD3500', 28, 'Main Deck Panel Block 7'),
('LNG-M4-B7-RLDK-P', 29, 'Assembly Rail Deck Block 7 (Portside)'),
('LNG-M4-B7-RLDK-S', 30, 'Assembly Rail Deck Block 7 (Starboard)'),
('LNG-M4-B7-SS-P', 28, 'Side Shell Panel Block 7 (Portside)'),
('LNG-M4-B7-SS-S', 28, 'Side Shell Panel Block 7 (Starboard)'),
('LNG-M4-B7-TBHD58', 28, 'Transverse Bulkhead FR.58 Panel Block 7'),
('LNG-M4-B8', 36, 'Up to Main Deck Sub-Block B-8'),
('LNG-M4-B8-BTM', 32, 'Bottom Panel Block 8'),
('LNG-M4-B8-FCL', 35, 'Assembly Forecastle Deck Block 8'),
('LNG-M4-B8-LBHD2100-P', 32, 'Longitudinal Bulkhead 2100 of Center Line Panel Block 8 (Portside)'),
('LNG-M4-B8-LBHD2100-S', 32, 'Longitudinal Bulkhead 2100 of Center Line Panel Block 8 (Starboard)'),
('LNG-M4-B8-MD3500', 32, 'Main Deck Panel Block 8'),
('LNG-M4-B8-RLDK-P', 33, 'Assembly Rail Deck Block 8 (Portside)'),
('LNG-M4-B8-RLDK-S', 34, 'Assembly Rail Deck Block 8 (Starboard)'),
('LNG-M4-B8-SS-P', 32, 'Side Shell Panel Block 8 (Portside)'),
('LNG-M4-B8-SS-S', 32, 'Side Shell Panel Block 8 (Starboard)'),
('LNG-M4-B8-TBHD68', 32, 'Transverse Bulkhead FR.68 Panel Block 8'),
('LNG-M4-B8-TBHD76', 32, 'Transverse Bulkhead FR.76 Panel Block 8'),
('LNG-M5', 41, 'Join Block 9 dan Forecastle Deck'),
('LNG-M5-B9', 40, 'Up to Main Deck Sub-Block B-9'),
('LNG-M5-B9-BTM', 38, 'Bottom Panel Block 9'),
('LNG-M5-B9-FCL', 39, 'Assembly Forecastle Deck Block 9'),
('LNG-M5-B9-LBHD4200-P', 38, 'Longitudinal Bulkhead 4200 of Center Line Panel Block 9 (Portside)'),
('LNG-M5-B9-LBHD4200-S', 38, 'Longitudinal Bulkhead 4200 of Center Line Panel Block 9 (Starboard)'),
('LNG-M5-B9-MD3500', 38, 'Main Deck Panel Block 9'),
('LNG-M5-B9-SS-P', 38, 'Side Shell Panel Block 9 (Portside)'),
('LNG-M5-B9-SS-S', 38, 'Side Shell Panel Block 9 (Starboard)'),
('LNG-M6', 46, 'Join Block 10 (Poop Deck) & Block 10 (Wheel House)'),
('LNG-M6-B10-PD', 43, 'Assembly Block B10-PD'),
('LNG-M6-B10-PD-BD8700', 42, 'Bridge Deck Panel 8700 Above Base line Block 10'),
('LNG-M6-B10-PD-LBHD2100-P', 42, 'Longitudinal Bulkhead 2100 OCL Upper Poop Deck Panel Block 10 (Portside)'),
('LNG-M6-B10-PD-LBHD2100-S', 42, 'Longitudinal Bulkhead 2100 OCL Upper Poop Deck Panel Block 10 (Starboard)'),
('LNG-M6-B10-PD-SS-P', 42, 'Side Shell Above Poop Deck Block 10 (Portside)'),
('LNG-M6-B10-PD-SS-S', 42, 'Side Shell Above Poop Deck Block 10 (Starboard)'),
('LNG-M6-B10-PD-TBHD0', 42, 'Transverse Bulkhead FR.0 Above Poop Deck Panel Block 10'),
('LNG-M6-B10-PD-TBHD11', 42, 'Transverse Bulkhead FR.11 Above Poop Deck Panel Block 10'),
('LNG-M6-B10-PD-TBHD15-KNKL', 44, 'Transverse Bulkhead FR.15 Knuckle Above Bridge Deck Panel Block 10'),
('LNG-M6-B10-PD-TBHD16-SLTD', 42, 'Transverse Bulkhead FR.16 Slanted Above Poop Deck Panel Block 10'),
('LNG-M6-B10-PD-TBHD8', 42, 'Transverse Bulkhead FR.8 Above Poop Deck Panel Block 10'),
('LNG-M6-B10-PD-TBHD9+300', 42, 'Transverse Bulkhead FR.9+300 Above Poop Deck Panel Block 10'),
('LNG-M6-B10-WH', 45, 'Assembly Block B10-WH'),
('LNG-M6-B10-WH-FWD9700', 44, 'Floor Wheel House Deck Panel 9700 Above Base line Block 10'),
('LNG-M6-B10-WH-SS-P', 44, 'Side Shell Above Bridge Deck Block 10 (Portside)'),
('LNG-M6-B10-WH-SS-S', 44, 'Side Shell Above Bridge Deck Block 10 (Starboard)'),
('LNG-M6-B10-WH-TBHD11', 44, 'Transverse Bulkhead FR.11 Above Bridge Deck Panel Block 10'),
('LNG-M6-B10-WH-TBHD3+300', 44, 'Transverse Bulkhead FR.3+300 Above Bridge Deck Panel Block 10'),
('LNG-M6-B10-WH-TBHD8', 44, 'Transverse Bulkhead FR.8 Above Bridge Deck Panel Block 10'),
('LNG-M6-B10-WH-TBHD9+300', 44, 'Transverse Bulkhead FR.9+300 Above Bridge Deck Panel Block 10'),
('LNG-M6-B10-WH-TD11900', 44, 'Top Deck Panel 8700 Above Base line Block 10');

-- --------------------------------------------------------

--
-- Table structure for table `blok`
--

CREATE TABLE `blok` (
  `id_blok` int(11) NOT NULL,
  `id_modul` int(11) DEFAULT NULL,
  `nama_blok` varchar(100) NOT NULL,
  `created_at` timestamp NOT NULL DEFAULT current_timestamp()
) ENGINE=InnoDB DEFAULT CHARSET=utf8mb4 COLLATE=utf8mb4_general_ci;

--
-- Dumping data for table `blok`
--

INSERT INTO `blok` (`id_blok`, `id_modul`, `nama_blok`, `created_at`) VALUES
(1, 1, 'Block 1', '2026-04-08 05:30:02'),
(2, 1, 'Block 2', '2026-04-08 05:30:02'),
(3, 2, 'Block 3', '2026-04-08 05:30:02'),
(4, 2, 'Block 4', '2026-04-08 05:30:02'),
(5, 3, 'Block 5', '2026-04-08 05:30:02'),
(6, 3, 'Block 6', '2026-04-08 05:30:02'),
(7, 4, 'Block 7', '2026-04-08 05:30:02'),
(8, 4, 'Block 8', '2026-04-08 05:30:02'),
(9, 5, 'Block 9', '2026-04-08 05:30:02'),
(10, 6, 'Block 10', '2026-04-08 05:30:02');

-- --------------------------------------------------------

--
-- Table structure for table `itp_data`
--

CREATE TABLE `itp_data` (
  `id_itp_data` int(11) NOT NULL,
  `kode` varchar(10) DEFAULT NULL,
  `status_itp_data` enum('pending','on progress','approve','rejected') DEFAULT 'pending',
  `foto` varchar(255) DEFAULT NULL,
  `note` text NOT NULL,
  `tanggal_inspeksi` datetime DEFAULT current_timestamp(),
  `assembly_code` varchar(50) NOT NULL
) ENGINE=InnoDB DEFAULT CHARSET=utf8mb4 COLLATE=utf8mb4_general_ci;

--
-- Dumping data for table `itp_data`
--

INSERT INTO `itp_data` (`id_itp_data`, `kode`, `status_itp_data`, `foto`, `note`, `tanggal_inspeksi`, `assembly_code`) VALUES
(1, '1.00.01', 'pending', 'foto1.jpg', 'Belum inspeksi', '2026-04-14 15:05:23', 'LNG-M1-B1-BTM'),
(2, '1.00.01', 'on progress', 'foto2.jpg', 'Sedang dikerjakan', '2026-04-14 15:05:23', 'LNG-M1-B1-LBHD4200-P'),
(3, '1.00.01', 'approve', 'foto3.jpg', 'Sudah OK', '2026-04-14 15:05:23', 'LNG-M1-B1-LBHD4200-S'),
(4, '1.00.01', 'rejected', 'foto4.jpg', 'Perlu perbaikan', '2026-04-14 15:05:23', 'LNG-M1-B1-MD-LBHD2100-P'),
(5, '1.00.01', 'pending', 'foto5.jpg', 'Menunggu inspeksi', '2026-04-14 15:05:23', 'LNG-M1-B1-MD-LBHD2100-S'),
(6, '1.00.01', 'approve', 'foto6.jpg', 'Sesuai standar', '2026-04-14 15:05:23', 'LNG-M1-B1-MD-PD6300'),
(7, '1.00.01', 'on progress', 'foto7.jpg', 'Dalam proses', '2026-04-14 15:05:23', 'LNG-M1-B1-MD-SS-P'),
(8, '1.00.01', 'approve', 'foto8.jpg', 'OK', '2026-04-14 15:05:23', 'LNG-M1-B1-MD-SS-S'),
(9, '1.00.01', 'pending', 'foto9.jpg', 'Belum dicek', '2026-04-14 15:05:23', 'LNG-M1-B1-MD-TBHD3'),
(10, '1.00.01', 'rejected', 'foto10.jpg', 'Tidak sesuai', '2026-04-14 15:05:23', 'LNG-M1-B1-MD-TRSM');

-- --------------------------------------------------------

--
-- Table structure for table `kode`
--

CREATE TABLE `kode` (
  `kode` varchar(10) NOT NULL,
  `deskripsi_kode` varchar(100) NOT NULL
) ENGINE=InnoDB DEFAULT CHARSET=utf8mb4 COLLATE=utf8mb4_general_ci;

--
-- Dumping data for table `kode`
--

INSERT INTO `kode` (`kode`, `deskripsi_kode`) VALUES
('1.00.01', 'Material Verification'),
('1.00.02', 'Visual Inspection'),
('1.00.03', 'Heat & Dimension Check'),
('10.00.01', 'Megger Test'),
('10.00.02', 'Kabel'),
('10.00.03', 'Document - Emergency Light & Battery'),
('10.00.04', 'Visual Check - Emergency Light & Battery'),
('10.00.05', 'Function Test - Instalasi Listrik'),
('11.00.01', 'Document - Mesin Induk'),
('11.00.02', 'Visual Check - Mesin Induk'),
('11.00.03', 'Installation Check - Mesin Induk'),
('11.00.04', 'Alignment Check before Chock Fast'),
('11.00.05', 'Process of Chock Fast'),
('11.00.06', 'Alignment after Chock Fast'),
('11.00.07', 'Bolt Lightening'),
('11.00.08', 'Commissioning Test - Mesin Induk'),
('11.00.09', 'Safety Device Test - Mesin Induk'),
('11.00.10', 'Running Test - Mesin Induk (Sea Trial)'),
('12.00.01', 'Document - Mesin Bantu'),
('12.00.02', 'Visual Check - Mesin Bantu'),
('12.00.03', 'Installation Check - Mesin Bantu'),
('12.00.04', 'Running Test - Mesin Bantu'),
('12.00.05', 'Load Test - Mesin Bantu'),
('13.00.01', 'Document - Mesin Darurat & Harbour Gen'),
('13.00.02', 'Installation Check - Mesin Darurat & Harbour Gen'),
('13.00.03', 'Function Test - Mesin Darurat & Harbour Gen'),
('14.00.01', 'Document - Bow Thruster'),
('14.00.02', 'Installation Check - Bow Thruster'),
('14.00.03', 'Function Test - Bow Thruster'),
('15.00.01', 'Document - Navigation Equipment'),
('15.00.02', 'Visual Check - Navigation Equipment'),
('15.00.03', 'Installation Check - Navigation Equipment'),
('15.00.04', 'Function Test - Navigation Equipment'),
('16.00.01', 'Document - Radio Equipment'),
('16.00.02', 'Visual Check - Radio Equipment'),
('16.00.03', 'Installation Check - Radio Equipment'),
('16.00.04', 'Function Test - Radio Equipment'),
('17.00.01', 'Document - Navigation Lighting'),
('17.00.02', 'Testing - Navigation Lighting'),
('18.01.01', 'Document - Life Raft & Life Boat'),
('18.01.02', 'Visual Check - Life Raft & Life Boat'),
('18.01.03', 'Function Test - Life Boat'),
('18.02.01', 'Document - Lifebouy & Lifejacket'),
('18.02.02', 'Visual Check - Lifebouy & Lifejacket'),
('19.01.01', 'Document - Portable Fire Fighting'),
('19.01.02', 'Visual Check - Portable Fire Fighting'),
('19.01.03', 'Function Test - Portable Fire Fighting'),
('19.02.01', 'Document - Fixed Fire Fighting'),
('19.02.02', 'Visual Check - Fixed Fire Fighting'),
('19.02.03', 'Function Test - Fixed Fire Fighting'),
('2.00.00', 'Keel Laying Inspection'),
('20.00.01', 'Document - OWS'),
('20.00.02', 'Visual Check - OWS'),
('20.00.03', 'Function Test - OWS'),
('21.00.01', 'Document - Tarik & Tambat'),
('21.00.02', 'Visual Check - Tarik & Tambat'),
('21.00.03', 'Function Test - Tarik & Tambat'),
('22.00.01', 'Document - Steering Gear'),
('22.00.02', 'Install Check - Steering Gear'),
('22.00.03', 'Function Test - Steering Gear (Sea Trial)'),
('23.00.01', 'Material Identification - Ramp Door'),
('23.00.02', 'Fit Up & Scantling - Ramp Door'),
('23.00.03', 'Welding - Ramp Door'),
('23.00.04', 'Function Test - Ramp Door'),
('23.00.05', 'Hose Test - Ramp Door'),
('23.00.06', 'NDT - Engsel Ramp Door'),
('24.00.01', 'Document - Crane'),
('24.00.02', 'Deck Plate Reinforcement'),
('24.00.03', 'Installation Check - Crane'),
('24.00.04', 'Function Test - Crane'),
('24.00.05', 'Load Test - Crane'),
('24.00.06', 'NDT - ISO Container Foot'),
('25.00.01', 'Engine Room Isolation'),
('25.00.02', 'Accommodation Isolation'),
('26.00.01', 'Document - Coating & Catode Protection'),
('26.00.02', 'Application Check - Coating'),
('27.00.00', 'Launching Inspection'),
('28.00.00', 'Inclining Test'),
('29.00.00', 'Dock Trial'),
('3.01.01', 'Fit-up & Scantling'),
('3.01.02', 'Welding Check before shell plate'),
('3.01.03', 'Welding Preparation of Shell Plate'),
('3.01.04', 'Welding of Shell Plate'),
('3.01.05', 'Dimensional Check'),
('3.02.01', 'Fit-up'),
('3.02.02', 'Welding preparation for down hand'),
('3.02.03', 'Welding of Joint Plate down hand'),
('3.02.04', 'Back gouging'),
('3.02.05', 'Bottom Inspection'),
('3.02.06', 'Fit-Up Plimsoll Mark'),
('3.02.07', 'Hull measurement'),
('3.02.08', 'Keel Deflection'),
('3.03.01', 'Radiography Test / X Ray'),
('3.03.02', 'Leak Test'),
('3.03.03', 'Hose Test'),
('3.03.04', 'Colour Check'),
('30.00.00', 'Sea Trial'),
('31.00.00', 'Inventory'),
('32.00.00', 'Familiarization'),
('33.00.00', 'Final Docking'),
('4.00.01', 'Document - Pompa & Piping System'),
('4.00.02', 'Performance Test'),
('4.00.03', 'Install Check - Pompa & Piping System'),
('4.00.04', 'Function Test - Pompa & Piping System'),
('5.00.01', 'Document - Windlass, Anchor & Anchor Chain'),
('5.00.02', 'Install Check - Windlass, Anchor & Anchor Chain'),
('5.00.03', 'Anchoring & Hosting'),
('6.00.01', 'Document - Rudder Stock & Rudder Blade'),
('6.00.02', 'Fit Up of Rudder Stock & Blade'),
('6.00.03', 'Preparation before Welding - Rudder'),
('6.00.04', 'Alignment Check - Rudder'),
('6.00.05', 'Clearance Check - Rudder'),
('7.00.01', 'Document - Propulsion'),
('7.00.02', 'Fit up of Stern Tube & Stern Bush'),
('7.00.03', 'Preparation Before Welding - Propulsion'),
('7.00.04', 'Alignment Check - Propulsion'),
('7.00.05', 'Clearance Check - Propulsion'),
('8.00.01', 'Document - Propeller'),
('8.00.02', 'Visual Check - Propeller'),
('8.00.03', 'Verifikasi Material - Propeller'),
('8.00.04', 'Fitting Contact & Balancing'),
('9.00.01', 'Document - MSB & ESB'),
('9.00.02', 'Visual Check - MSB & ESB'),
('9.00.03', 'Load Test - MSB & ESB');

-- --------------------------------------------------------

--
-- Table structure for table `kode_assembly_code`
--

CREATE TABLE `kode_assembly_code` (
  `id` int(11) NOT NULL,
  `kode` varchar(10) NOT NULL,
  `assembly_code` varchar(50) NOT NULL
) ENGINE=InnoDB DEFAULT CHARSET=utf8mb4 COLLATE=utf8mb4_general_ci;

--
-- Dumping data for table `kode_assembly_code`
--

INSERT INTO `kode_assembly_code` (`id`, `kode`, `assembly_code`) VALUES
(8, '1.00.01', 'LNG-M1-B1-BTM'),
(6, '1.00.01', 'LNG-M1-B1-LBHD4200-P'),
(7, '1.00.01', 'LNG-M1-B1-LBHD4200-S'),
(14, '1.00.01', 'LNG-M1-B1-MD-LBHD2100-P'),
(15, '1.00.01', 'LNG-M1-B1-MD-LBHD2100-S'),
(9, '1.00.01', 'LNG-M1-B1-MD-PD6300'),
(10, '1.00.01', 'LNG-M1-B1-MD-SS-P'),
(11, '1.00.01', 'LNG-M1-B1-MD-SS-S'),
(13, '1.00.01', 'LNG-M1-B1-MD-TBHD3'),
(12, '1.00.01', 'LNG-M1-B1-MD-TRSM'),
(1, '1.00.01', 'LNG-M1-B1-MD4000'),
(2, '1.00.01', 'LNG-M1-B1-SS-P'),
(3, '1.00.01', 'LNG-M1-B1-SS-S'),
(5, '1.00.01', 'LNG-M1-B1-TBHD3'),
(4, '1.00.01', 'LNG-M1-B1-TRSM'),
(23, '1.00.02', 'LNG-M1-B1-BTM'),
(21, '1.00.02', 'LNG-M1-B1-LBHD4200-P'),
(22, '1.00.02', 'LNG-M1-B1-LBHD4200-S'),
(29, '1.00.02', 'LNG-M1-B1-MD-LBHD2100-P'),
(30, '1.00.02', 'LNG-M1-B1-MD-LBHD2100-S'),
(24, '1.00.02', 'LNG-M1-B1-MD-PD6300'),
(25, '1.00.02', 'LNG-M1-B1-MD-SS-P'),
(26, '1.00.02', 'LNG-M1-B1-MD-SS-S'),
(28, '1.00.02', 'LNG-M1-B1-MD-TBHD3'),
(27, '1.00.02', 'LNG-M1-B1-MD-TRSM'),
(16, '1.00.02', 'LNG-M1-B1-MD4000'),
(17, '1.00.02', 'LNG-M1-B1-SS-P'),
(18, '1.00.02', 'LNG-M1-B1-SS-S'),
(20, '1.00.02', 'LNG-M1-B1-TBHD3'),
(19, '1.00.02', 'LNG-M1-B1-TRSM'),
(38, '1.00.03', 'LNG-M1-B1-BTM'),
(36, '1.00.03', 'LNG-M1-B1-LBHD4200-P'),
(37, '1.00.03', 'LNG-M1-B1-LBHD4200-S'),
(44, '1.00.03', 'LNG-M1-B1-MD-LBHD2100-P'),
(45, '1.00.03', 'LNG-M1-B1-MD-LBHD2100-S'),
(39, '1.00.03', 'LNG-M1-B1-MD-PD6300'),
(40, '1.00.03', 'LNG-M1-B1-MD-SS-P'),
(41, '1.00.03', 'LNG-M1-B1-MD-SS-S'),
(43, '1.00.03', 'LNG-M1-B1-MD-TBHD3'),
(42, '1.00.03', 'LNG-M1-B1-MD-TRSM'),
(31, '1.00.03', 'LNG-M1-B1-MD4000'),
(32, '1.00.03', 'LNG-M1-B1-SS-P'),
(33, '1.00.03', 'LNG-M1-B1-SS-S'),
(35, '1.00.03', 'LNG-M1-B1-TBHD3'),
(34, '1.00.03', 'LNG-M1-B1-TRSM'),
(53, '3.01.01', 'LNG-M1-B1-BTM'),
(51, '3.01.01', 'LNG-M1-B1-LBHD4200-P'),
(52, '3.01.01', 'LNG-M1-B1-LBHD4200-S'),
(59, '3.01.01', 'LNG-M1-B1-MD-LBHD2100-P'),
(60, '3.01.01', 'LNG-M1-B1-MD-LBHD2100-S'),
(54, '3.01.01', 'LNG-M1-B1-MD-PD6300'),
(55, '3.01.01', 'LNG-M1-B1-MD-SS-P'),
(56, '3.01.01', 'LNG-M1-B1-MD-SS-S'),
(58, '3.01.01', 'LNG-M1-B1-MD-TBHD3'),
(57, '3.01.01', 'LNG-M1-B1-MD-TRSM'),
(46, '3.01.01', 'LNG-M1-B1-MD4000'),
(47, '3.01.01', 'LNG-M1-B1-SS-P'),
(48, '3.01.01', 'LNG-M1-B1-SS-S'),
(50, '3.01.01', 'LNG-M1-B1-TBHD3'),
(49, '3.01.01', 'LNG-M1-B1-TRSM'),
(66, '3.01.01', 'LNG-M1-B2-BTM'),
(64, '3.01.01', 'LNG-M1-B2-LBHD4200-P'),
(65, '3.01.01', 'LNG-M1-B2-LBHD4200-S'),
(142, '3.01.01', 'LNG-M1-B2-MD-LBHD2100-P'),
(143, '3.01.01', 'LNG-M1-B2-MD-LBHD2100-S'),
(67, '3.01.01', 'LNG-M1-B2-MD-PD6300'),
(68, '3.01.01', 'LNG-M1-B2-MD-SS-P'),
(69, '3.01.01', 'LNG-M1-B2-MD-SS-S'),
(72, '3.01.01', 'LNG-M1-B2-MD-TBHD11'),
(73, '3.01.01', 'LNG-M1-B2-MD-TBHD16-SLTD'),
(70, '3.01.01', 'LNG-M1-B2-MD-TBHD8'),
(71, '3.01.01', 'LNG-M1-B2-MD-TBHD9+300'),
(61, '3.01.01', 'LNG-M1-B2-MD4000'),
(62, '3.01.01', 'LNG-M1-B2-SS-P'),
(63, '3.01.01', 'LNG-M1-B2-SS-S'),
(80, '3.01.01', 'LNG-M2-B3-BTM'),
(144, '3.01.01', 'LNG-M2-B3-LBHD2100-P'),
(79, '3.01.01', 'LNG-M2-B3-LBHD2100-S'),
(74, '3.01.01', 'LNG-M2-B3-MD3500'),
(145, '3.01.01', 'LNG-M2-B3-RLDK-P'),
(81, '3.01.01', 'LNG-M2-B3-RLDK-S'),
(75, '3.01.01', 'LNG-M2-B3-SS-P'),
(76, '3.01.01', 'LNG-M2-B3-SS-S'),
(77, '3.01.01', 'LNG-M2-B3-TBHD18'),
(78, '3.01.01', 'LNG-M2-B3-TBHD23'),
(88, '3.01.01', 'LNG-M2-B4-BTM'),
(86, '3.01.01', 'LNG-M2-B4-LBHD2100-P'),
(87, '3.01.01', 'LNG-M2-B4-LBHD2100-S'),
(82, '3.01.01', 'LNG-M2-B4-MD3500'),
(146, '3.01.01', 'LNG-M2-B4-RLDK-P'),
(89, '3.01.01', 'LNG-M2-B4-RLDK-S'),
(83, '3.01.01', 'LNG-M2-B4-SS-P'),
(84, '3.01.01', 'LNG-M2-B4-SS-S'),
(85, '3.01.01', 'LNG-M2-B4-TBHD28'),
(95, '3.01.01', 'LNG-M3-B5-BTM'),
(94, '3.01.01', 'LNG-M3-B5-LBHD2100-P'),
(147, '3.01.01', 'LNG-M3-B5-LBHD2100-S'),
(90, '3.01.01', 'LNG-M3-B5-MD3500'),
(96, '3.01.01', 'LNG-M3-B5-RLDK-P'),
(97, '3.01.01', 'LNG-M3-B5-RLDK-S'),
(91, '3.01.01', 'LNG-M3-B5-SS-P'),
(92, '3.01.01', 'LNG-M3-B5-SS-S'),
(93, '3.01.01', 'LNG-M3-B5-TBHD38'),
(102, '3.01.01', 'LNG-M3-B6-BTM'),
(100, '3.01.01', 'LNG-M3-B6-LBHD2100-P'),
(101, '3.01.01', 'LNG-M3-B6-LBHD2100-S'),
(98, '3.01.01', 'LNG-M3-B6-MD3500'),
(103, '3.01.01', 'LNG-M3-B6-RLDK-P'),
(104, '3.01.01', 'LNG-M3-B6-RLDK-S'),
(99, '3.01.01', 'LNG-M3-B6-SS-P'),
(148, '3.01.01', 'LNG-M3-B6-SS-S'),
(149, '3.01.01', 'LNG-M3-B6-TBHD48'),
(151, '3.01.01', 'LNG-M4-B7-BTM'),
(109, '3.01.01', 'LNG-M4-B7-LBHD2100-P'),
(150, '3.01.01', 'LNG-M4-B7-LBHD2100-S'),
(105, '3.01.01', 'LNG-M4-B7-MD3500'),
(110, '3.01.01', 'LNG-M4-B7-RLDK-P'),
(111, '3.01.01', 'LNG-M4-B7-RLDK-S'),
(106, '3.01.01', 'LNG-M4-B7-SS-P'),
(107, '3.01.01', 'LNG-M4-B7-SS-S'),
(108, '3.01.01', 'LNG-M4-B7-TBHD58'),
(118, '3.01.01', 'LNG-M4-B8-BTM'),
(117, '3.01.01', 'LNG-M4-B8-LBHD2100-P'),
(152, '3.01.01', 'LNG-M4-B8-LBHD2100-S'),
(112, '3.01.01', 'LNG-M4-B8-MD3500'),
(119, '3.01.01', 'LNG-M4-B8-RLDK-P'),
(153, '3.01.01', 'LNG-M4-B8-RLDK-S'),
(113, '3.01.01', 'LNG-M4-B8-SS-P'),
(114, '3.01.01', 'LNG-M4-B8-SS-S'),
(115, '3.01.01', 'LNG-M4-B8-TBHD68'),
(116, '3.01.01', 'LNG-M4-B8-TBHD76'),
(124, '3.01.01', 'LNG-M5-B9-BTM'),
(125, '3.01.01', 'LNG-M5-B9-FCL'),
(123, '3.01.01', 'LNG-M5-B9-LBHD4200-P'),
(154, '3.01.01', 'LNG-M5-B9-LBHD4200-S'),
(120, '3.01.01', 'LNG-M5-B9-MD3500'),
(121, '3.01.01', 'LNG-M5-B9-SS-P'),
(122, '3.01.01', 'LNG-M5-B9-SS-S'),
(126, '3.01.01', 'LNG-M6-B10-PD-BD8700'),
(133, '3.01.01', 'LNG-M6-B10-PD-LBHD2100-P'),
(134, '3.01.01', 'LNG-M6-B10-PD-LBHD2100-S'),
(127, '3.01.01', 'LNG-M6-B10-PD-SS-P'),
(155, '3.01.01', 'LNG-M6-B10-PD-SS-S'),
(128, '3.01.01', 'LNG-M6-B10-PD-TBHD0'),
(131, '3.01.01', 'LNG-M6-B10-PD-TBHD11'),
(141, '3.01.01', 'LNG-M6-B10-PD-TBHD15-KNKL'),
(132, '3.01.01', 'LNG-M6-B10-PD-TBHD16-SLTD'),
(129, '3.01.01', 'LNG-M6-B10-PD-TBHD8'),
(130, '3.01.01', 'LNG-M6-B10-PD-TBHD9+300'),
(136, '3.01.01', 'LNG-M6-B10-WH-FWD9700'),
(156, '3.01.01', 'LNG-M6-B10-WH-SS-P'),
(137, '3.01.01', 'LNG-M6-B10-WH-SS-S'),
(157, '3.01.01', 'LNG-M6-B10-WH-TBHD11'),
(138, '3.01.01', 'LNG-M6-B10-WH-TBHD3+300'),
(139, '3.01.01', 'LNG-M6-B10-WH-TBHD8'),
(140, '3.01.01', 'LNG-M6-B10-WH-TBHD9+300'),
(135, '3.01.01', 'LNG-M6-B10-WH-TD11900'),
(165, '3.01.02', 'LNG-M1-B1-BTM'),
(163, '3.01.02', 'LNG-M1-B1-LBHD4200-P'),
(164, '3.01.02', 'LNG-M1-B1-LBHD4200-S'),
(171, '3.01.02', 'LNG-M1-B1-MD-LBHD2100-P'),
(172, '3.01.02', 'LNG-M1-B1-MD-LBHD2100-S'),
(166, '3.01.02', 'LNG-M1-B1-MD-PD6300'),
(167, '3.01.02', 'LNG-M1-B1-MD-SS-P'),
(168, '3.01.02', 'LNG-M1-B1-MD-SS-S'),
(170, '3.01.02', 'LNG-M1-B1-MD-TBHD3'),
(169, '3.01.02', 'LNG-M1-B1-MD-TRSM'),
(158, '3.01.02', 'LNG-M1-B1-MD4000'),
(159, '3.01.02', 'LNG-M1-B1-SS-P'),
(160, '3.01.02', 'LNG-M1-B1-SS-S'),
(162, '3.01.02', 'LNG-M1-B1-TBHD3'),
(161, '3.01.02', 'LNG-M1-B1-TRSM'),
(178, '3.01.02', 'LNG-M1-B2-BTM'),
(176, '3.01.02', 'LNG-M1-B2-LBHD4200-P'),
(177, '3.01.02', 'LNG-M1-B2-LBHD4200-S'),
(254, '3.01.02', 'LNG-M1-B2-MD-LBHD2100-P'),
(255, '3.01.02', 'LNG-M1-B2-MD-LBHD2100-S'),
(179, '3.01.02', 'LNG-M1-B2-MD-PD6300'),
(180, '3.01.02', 'LNG-M1-B2-MD-SS-P'),
(181, '3.01.02', 'LNG-M1-B2-MD-SS-S'),
(184, '3.01.02', 'LNG-M1-B2-MD-TBHD11'),
(185, '3.01.02', 'LNG-M1-B2-MD-TBHD16-SLTD'),
(182, '3.01.02', 'LNG-M1-B2-MD-TBHD8'),
(183, '3.01.02', 'LNG-M1-B2-MD-TBHD9+300'),
(173, '3.01.02', 'LNG-M1-B2-MD4000'),
(174, '3.01.02', 'LNG-M1-B2-SS-P'),
(175, '3.01.02', 'LNG-M1-B2-SS-S'),
(192, '3.01.02', 'LNG-M2-B3-BTM'),
(256, '3.01.02', 'LNG-M2-B3-LBHD2100-P'),
(191, '3.01.02', 'LNG-M2-B3-LBHD2100-S'),
(186, '3.01.02', 'LNG-M2-B3-MD3500'),
(257, '3.01.02', 'LNG-M2-B3-RLDK-P'),
(193, '3.01.02', 'LNG-M2-B3-RLDK-S'),
(187, '3.01.02', 'LNG-M2-B3-SS-P'),
(188, '3.01.02', 'LNG-M2-B3-SS-S'),
(189, '3.01.02', 'LNG-M2-B3-TBHD18'),
(190, '3.01.02', 'LNG-M2-B3-TBHD23'),
(200, '3.01.02', 'LNG-M2-B4-BTM'),
(198, '3.01.02', 'LNG-M2-B4-LBHD2100-P'),
(199, '3.01.02', 'LNG-M2-B4-LBHD2100-S'),
(194, '3.01.02', 'LNG-M2-B4-MD3500'),
(258, '3.01.02', 'LNG-M2-B4-RLDK-P'),
(201, '3.01.02', 'LNG-M2-B4-RLDK-S'),
(195, '3.01.02', 'LNG-M2-B4-SS-P'),
(196, '3.01.02', 'LNG-M2-B4-SS-S'),
(197, '3.01.02', 'LNG-M2-B4-TBHD28'),
(207, '3.01.02', 'LNG-M3-B5-BTM'),
(206, '3.01.02', 'LNG-M3-B5-LBHD2100-P'),
(259, '3.01.02', 'LNG-M3-B5-LBHD2100-S'),
(202, '3.01.02', 'LNG-M3-B5-MD3500'),
(208, '3.01.02', 'LNG-M3-B5-RLDK-P'),
(209, '3.01.02', 'LNG-M3-B5-RLDK-S'),
(203, '3.01.02', 'LNG-M3-B5-SS-P'),
(204, '3.01.02', 'LNG-M3-B5-SS-S'),
(205, '3.01.02', 'LNG-M3-B5-TBHD38'),
(214, '3.01.02', 'LNG-M3-B6-BTM'),
(212, '3.01.02', 'LNG-M3-B6-LBHD2100-P'),
(213, '3.01.02', 'LNG-M3-B6-LBHD2100-S'),
(210, '3.01.02', 'LNG-M3-B6-MD3500'),
(215, '3.01.02', 'LNG-M3-B6-RLDK-P'),
(216, '3.01.02', 'LNG-M3-B6-RLDK-S'),
(211, '3.01.02', 'LNG-M3-B6-SS-P'),
(260, '3.01.02', 'LNG-M3-B6-SS-S'),
(261, '3.01.02', 'LNG-M3-B6-TBHD48'),
(263, '3.01.02', 'LNG-M4-B7-BTM'),
(221, '3.01.02', 'LNG-M4-B7-LBHD2100-P'),
(262, '3.01.02', 'LNG-M4-B7-LBHD2100-S'),
(217, '3.01.02', 'LNG-M4-B7-MD3500'),
(222, '3.01.02', 'LNG-M4-B7-RLDK-P'),
(223, '3.01.02', 'LNG-M4-B7-RLDK-S'),
(218, '3.01.02', 'LNG-M4-B7-SS-P'),
(219, '3.01.02', 'LNG-M4-B7-SS-S'),
(220, '3.01.02', 'LNG-M4-B7-TBHD58'),
(230, '3.01.02', 'LNG-M4-B8-BTM'),
(229, '3.01.02', 'LNG-M4-B8-LBHD2100-P'),
(264, '3.01.02', 'LNG-M4-B8-LBHD2100-S'),
(224, '3.01.02', 'LNG-M4-B8-MD3500'),
(231, '3.01.02', 'LNG-M4-B8-RLDK-P'),
(265, '3.01.02', 'LNG-M4-B8-RLDK-S'),
(225, '3.01.02', 'LNG-M4-B8-SS-P'),
(226, '3.01.02', 'LNG-M4-B8-SS-S'),
(227, '3.01.02', 'LNG-M4-B8-TBHD68'),
(228, '3.01.02', 'LNG-M4-B8-TBHD76'),
(236, '3.01.02', 'LNG-M5-B9-BTM'),
(237, '3.01.02', 'LNG-M5-B9-FCL'),
(235, '3.01.02', 'LNG-M5-B9-LBHD4200-P'),
(266, '3.01.02', 'LNG-M5-B9-LBHD4200-S'),
(232, '3.01.02', 'LNG-M5-B9-MD3500'),
(233, '3.01.02', 'LNG-M5-B9-SS-P'),
(234, '3.01.02', 'LNG-M5-B9-SS-S'),
(238, '3.01.02', 'LNG-M6-B10-PD-BD8700'),
(245, '3.01.02', 'LNG-M6-B10-PD-LBHD2100-P'),
(246, '3.01.02', 'LNG-M6-B10-PD-LBHD2100-S'),
(239, '3.01.02', 'LNG-M6-B10-PD-SS-P'),
(267, '3.01.02', 'LNG-M6-B10-PD-SS-S'),
(240, '3.01.02', 'LNG-M6-B10-PD-TBHD0'),
(243, '3.01.02', 'LNG-M6-B10-PD-TBHD11'),
(253, '3.01.02', 'LNG-M6-B10-PD-TBHD15-KNKL'),
(244, '3.01.02', 'LNG-M6-B10-PD-TBHD16-SLTD'),
(241, '3.01.02', 'LNG-M6-B10-PD-TBHD8'),
(242, '3.01.02', 'LNG-M6-B10-PD-TBHD9+300'),
(248, '3.01.02', 'LNG-M6-B10-WH-FWD9700'),
(268, '3.01.02', 'LNG-M6-B10-WH-SS-P'),
(249, '3.01.02', 'LNG-M6-B10-WH-SS-S'),
(269, '3.01.02', 'LNG-M6-B10-WH-TBHD11'),
(250, '3.01.02', 'LNG-M6-B10-WH-TBHD3+300'),
(251, '3.01.02', 'LNG-M6-B10-WH-TBHD8'),
(252, '3.01.02', 'LNG-M6-B10-WH-TBHD9+300'),
(247, '3.01.02', 'LNG-M6-B10-WH-TD11900'),
(277, '3.01.05', 'LNG-M1-B1-BTM'),
(275, '3.01.05', 'LNG-M1-B1-LBHD4200-P'),
(276, '3.01.05', 'LNG-M1-B1-LBHD4200-S'),
(283, '3.01.05', 'LNG-M1-B1-MD-LBHD2100-P'),
(284, '3.01.05', 'LNG-M1-B1-MD-LBHD2100-S'),
(278, '3.01.05', 'LNG-M1-B1-MD-PD6300'),
(279, '3.01.05', 'LNG-M1-B1-MD-SS-P'),
(280, '3.01.05', 'LNG-M1-B1-MD-SS-S'),
(282, '3.01.05', 'LNG-M1-B1-MD-TBHD3'),
(281, '3.01.05', 'LNG-M1-B1-MD-TRSM'),
(270, '3.01.05', 'LNG-M1-B1-MD4000'),
(271, '3.01.05', 'LNG-M1-B1-SS-P'),
(272, '3.01.05', 'LNG-M1-B1-SS-S'),
(274, '3.01.05', 'LNG-M1-B1-TBHD3'),
(273, '3.01.05', 'LNG-M1-B1-TRSM'),
(290, '3.01.05', 'LNG-M1-B2-BTM'),
(288, '3.01.05', 'LNG-M1-B2-LBHD4200-P'),
(289, '3.01.05', 'LNG-M1-B2-LBHD4200-S'),
(366, '3.01.05', 'LNG-M1-B2-MD-LBHD2100-P'),
(367, '3.01.05', 'LNG-M1-B2-MD-LBHD2100-S'),
(291, '3.01.05', 'LNG-M1-B2-MD-PD6300'),
(292, '3.01.05', 'LNG-M1-B2-MD-SS-P'),
(293, '3.01.05', 'LNG-M1-B2-MD-SS-S'),
(296, '3.01.05', 'LNG-M1-B2-MD-TBHD11'),
(297, '3.01.05', 'LNG-M1-B2-MD-TBHD16-SLTD'),
(294, '3.01.05', 'LNG-M1-B2-MD-TBHD8'),
(295, '3.01.05', 'LNG-M1-B2-MD-TBHD9+300'),
(285, '3.01.05', 'LNG-M1-B2-MD4000'),
(286, '3.01.05', 'LNG-M1-B2-SS-P'),
(287, '3.01.05', 'LNG-M1-B2-SS-S'),
(304, '3.01.05', 'LNG-M2-B3-BTM'),
(368, '3.01.05', 'LNG-M2-B3-LBHD2100-P'),
(303, '3.01.05', 'LNG-M2-B3-LBHD2100-S'),
(298, '3.01.05', 'LNG-M2-B3-MD3500'),
(369, '3.01.05', 'LNG-M2-B3-RLDK-P'),
(305, '3.01.05', 'LNG-M2-B3-RLDK-S'),
(299, '3.01.05', 'LNG-M2-B3-SS-P'),
(300, '3.01.05', 'LNG-M2-B3-SS-S'),
(301, '3.01.05', 'LNG-M2-B3-TBHD18'),
(302, '3.01.05', 'LNG-M2-B3-TBHD23'),
(312, '3.01.05', 'LNG-M2-B4-BTM'),
(310, '3.01.05', 'LNG-M2-B4-LBHD2100-P'),
(311, '3.01.05', 'LNG-M2-B4-LBHD2100-S'),
(306, '3.01.05', 'LNG-M2-B4-MD3500'),
(370, '3.01.05', 'LNG-M2-B4-RLDK-P'),
(313, '3.01.05', 'LNG-M2-B4-RLDK-S'),
(307, '3.01.05', 'LNG-M2-B4-SS-P'),
(308, '3.01.05', 'LNG-M2-B4-SS-S'),
(309, '3.01.05', 'LNG-M2-B4-TBHD28'),
(319, '3.01.05', 'LNG-M3-B5-BTM'),
(318, '3.01.05', 'LNG-M3-B5-LBHD2100-P'),
(371, '3.01.05', 'LNG-M3-B5-LBHD2100-S'),
(314, '3.01.05', 'LNG-M3-B5-MD3500'),
(320, '3.01.05', 'LNG-M3-B5-RLDK-P'),
(321, '3.01.05', 'LNG-M3-B5-RLDK-S'),
(315, '3.01.05', 'LNG-M3-B5-SS-P'),
(316, '3.01.05', 'LNG-M3-B5-SS-S'),
(317, '3.01.05', 'LNG-M3-B5-TBHD38'),
(326, '3.01.05', 'LNG-M3-B6-BTM'),
(324, '3.01.05', 'LNG-M3-B6-LBHD2100-P'),
(325, '3.01.05', 'LNG-M3-B6-LBHD2100-S'),
(322, '3.01.05', 'LNG-M3-B6-MD3500'),
(327, '3.01.05', 'LNG-M3-B6-RLDK-P'),
(328, '3.01.05', 'LNG-M3-B6-RLDK-S'),
(323, '3.01.05', 'LNG-M3-B6-SS-P'),
(372, '3.01.05', 'LNG-M3-B6-SS-S'),
(373, '3.01.05', 'LNG-M3-B6-TBHD48'),
(375, '3.01.05', 'LNG-M4-B7-BTM'),
(333, '3.01.05', 'LNG-M4-B7-LBHD2100-P'),
(374, '3.01.05', 'LNG-M4-B7-LBHD2100-S'),
(329, '3.01.05', 'LNG-M4-B7-MD3500'),
(334, '3.01.05', 'LNG-M4-B7-RLDK-P'),
(335, '3.01.05', 'LNG-M4-B7-RLDK-S'),
(330, '3.01.05', 'LNG-M4-B7-SS-P'),
(331, '3.01.05', 'LNG-M4-B7-SS-S'),
(332, '3.01.05', 'LNG-M4-B7-TBHD58'),
(342, '3.01.05', 'LNG-M4-B8-BTM'),
(341, '3.01.05', 'LNG-M4-B8-LBHD2100-P'),
(376, '3.01.05', 'LNG-M4-B8-LBHD2100-S'),
(336, '3.01.05', 'LNG-M4-B8-MD3500'),
(343, '3.01.05', 'LNG-M4-B8-RLDK-P'),
(377, '3.01.05', 'LNG-M4-B8-RLDK-S'),
(337, '3.01.05', 'LNG-M4-B8-SS-P'),
(338, '3.01.05', 'LNG-M4-B8-SS-S'),
(339, '3.01.05', 'LNG-M4-B8-TBHD68'),
(340, '3.01.05', 'LNG-M4-B8-TBHD76'),
(348, '3.01.05', 'LNG-M5-B9-BTM'),
(349, '3.01.05', 'LNG-M5-B9-FCL'),
(347, '3.01.05', 'LNG-M5-B9-LBHD4200-P'),
(378, '3.01.05', 'LNG-M5-B9-LBHD4200-S'),
(344, '3.01.05', 'LNG-M5-B9-MD3500'),
(345, '3.01.05', 'LNG-M5-B9-SS-P'),
(346, '3.01.05', 'LNG-M5-B9-SS-S'),
(350, '3.01.05', 'LNG-M6-B10-PD-BD8700'),
(357, '3.01.05', 'LNG-M6-B10-PD-LBHD2100-P'),
(358, '3.01.05', 'LNG-M6-B10-PD-LBHD2100-S'),
(351, '3.01.05', 'LNG-M6-B10-PD-SS-P'),
(379, '3.01.05', 'LNG-M6-B10-PD-SS-S'),
(352, '3.01.05', 'LNG-M6-B10-PD-TBHD0'),
(355, '3.01.05', 'LNG-M6-B10-PD-TBHD11'),
(365, '3.01.05', 'LNG-M6-B10-PD-TBHD15-KNKL'),
(356, '3.01.05', 'LNG-M6-B10-PD-TBHD16-SLTD'),
(353, '3.01.05', 'LNG-M6-B10-PD-TBHD8'),
(354, '3.01.05', 'LNG-M6-B10-PD-TBHD9+300'),
(360, '3.01.05', 'LNG-M6-B10-WH-FWD9700'),
(380, '3.01.05', 'LNG-M6-B10-WH-SS-P'),
(361, '3.01.05', 'LNG-M6-B10-WH-SS-S'),
(381, '3.01.05', 'LNG-M6-B10-WH-TBHD11'),
(362, '3.01.05', 'LNG-M6-B10-WH-TBHD3+300'),
(363, '3.01.05', 'LNG-M6-B10-WH-TBHD8'),
(364, '3.01.05', 'LNG-M6-B10-WH-TBHD9+300'),
(359, '3.01.05', 'LNG-M6-B10-WH-TD11900'),
(386, '3.02.01', 'LNG-M1'),
(382, '3.02.01', 'LNG-M1-B1'),
(383, '3.02.01', 'LNG-M1-B1-MD'),
(384, '3.02.01', 'LNG-M1-B2'),
(385, '3.02.01', 'LNG-M1-B2-MD'),
(389, '3.02.01', 'LNG-M2'),
(387, '3.02.01', 'LNG-M2-B3'),
(388, '3.02.01', 'LNG-M2-B4'),
(392, '3.02.01', 'LNG-M3'),
(390, '3.02.01', 'LNG-M3-B5'),
(391, '3.02.01', 'LNG-M3-B6'),
(396, '3.02.01', 'LNG-M4'),
(393, '3.02.01', 'LNG-M4-B7'),
(395, '3.02.01', 'LNG-M4-B8'),
(394, '3.02.01', 'LNG-M4-B8-FCL'),
(397, '3.02.01', 'LNG-M5'),
(401, '3.02.01', 'LNG-M5-B9'),
(400, '3.02.01', 'LNG-M6'),
(398, '3.02.01', 'LNG-M6-B10-PD'),
(399, '3.02.01', 'LNG-M6-B10-WH'),
(406, '3.02.02', 'LNG-M1'),
(402, '3.02.02', 'LNG-M1-B1'),
(403, '3.02.02', 'LNG-M1-B1-MD'),
(404, '3.02.02', 'LNG-M1-B2'),
(405, '3.02.02', 'LNG-M1-B2-MD'),
(409, '3.02.02', 'LNG-M2'),
(407, '3.02.02', 'LNG-M2-B3'),
(408, '3.02.02', 'LNG-M2-B4'),
(412, '3.02.02', 'LNG-M3'),
(410, '3.02.02', 'LNG-M3-B5'),
(411, '3.02.02', 'LNG-M3-B6'),
(416, '3.02.02', 'LNG-M4'),
(413, '3.02.02', 'LNG-M4-B7'),
(415, '3.02.02', 'LNG-M4-B8'),
(414, '3.02.02', 'LNG-M4-B8-FCL'),
(417, '3.02.02', 'LNG-M5'),
(421, '3.02.02', 'LNG-M5-B9'),
(420, '3.02.02', 'LNG-M6'),
(418, '3.02.02', 'LNG-M6-B10-PD'),
(419, '3.02.02', 'LNG-M6-B10-WH'),
(426, '3.02.03', 'LNG-M1'),
(422, '3.02.03', 'LNG-M1-B1'),
(423, '3.02.03', 'LNG-M1-B1-MD'),
(424, '3.02.03', 'LNG-M1-B2'),
(425, '3.02.03', 'LNG-M1-B2-MD'),
(429, '3.02.03', 'LNG-M2'),
(427, '3.02.03', 'LNG-M2-B3'),
(428, '3.02.03', 'LNG-M2-B4'),
(432, '3.02.03', 'LNG-M3'),
(430, '3.02.03', 'LNG-M3-B5'),
(431, '3.02.03', 'LNG-M3-B6'),
(436, '3.02.03', 'LNG-M4'),
(433, '3.02.03', 'LNG-M4-B7'),
(435, '3.02.03', 'LNG-M4-B8'),
(434, '3.02.03', 'LNG-M4-B8-FCL'),
(437, '3.02.03', 'LNG-M5'),
(441, '3.02.03', 'LNG-M5-B9'),
(440, '3.02.03', 'LNG-M6'),
(438, '3.02.03', 'LNG-M6-B10-PD'),
(439, '3.02.03', 'LNG-M6-B10-WH'),
(446, '3.02.04', 'LNG-M1'),
(442, '3.02.04', 'LNG-M1-B1'),
(443, '3.02.04', 'LNG-M1-B1-MD'),
(444, '3.02.04', 'LNG-M1-B2'),
(445, '3.02.04', 'LNG-M1-B2-MD'),
(449, '3.02.04', 'LNG-M2'),
(447, '3.02.04', 'LNG-M2-B3'),
(448, '3.02.04', 'LNG-M2-B4'),
(452, '3.02.04', 'LNG-M3'),
(450, '3.02.04', 'LNG-M3-B5'),
(451, '3.02.04', 'LNG-M3-B6'),
(456, '3.02.04', 'LNG-M4'),
(453, '3.02.04', 'LNG-M4-B7'),
(455, '3.02.04', 'LNG-M4-B8'),
(454, '3.02.04', 'LNG-M4-B8-FCL'),
(457, '3.02.04', 'LNG-M5'),
(461, '3.02.04', 'LNG-M5-B9'),
(460, '3.02.04', 'LNG-M6'),
(458, '3.02.04', 'LNG-M6-B10-PD'),
(459, '3.02.04', 'LNG-M6-B10-WH'),
(466, '3.02.05', 'LNG-M1'),
(462, '3.02.05', 'LNG-M1-B1'),
(463, '3.02.05', 'LNG-M1-B1-MD'),
(464, '3.02.05', 'LNG-M1-B2'),
(465, '3.02.05', 'LNG-M1-B2-MD'),
(469, '3.02.05', 'LNG-M2'),
(467, '3.02.05', 'LNG-M2-B3'),
(468, '3.02.05', 'LNG-M2-B4'),
(472, '3.02.05', 'LNG-M3'),
(470, '3.02.05', 'LNG-M3-B5'),
(471, '3.02.05', 'LNG-M3-B6'),
(476, '3.02.05', 'LNG-M4'),
(473, '3.02.05', 'LNG-M4-B7'),
(475, '3.02.05', 'LNG-M4-B8'),
(474, '3.02.05', 'LNG-M4-B8-FCL'),
(477, '3.02.05', 'LNG-M5'),
(481, '3.02.05', 'LNG-M5-B9'),
(480, '3.02.05', 'LNG-M6'),
(478, '3.02.05', 'LNG-M6-B10-PD'),
(479, '3.02.05', 'LNG-M6-B10-WH'),
(486, '3.02.07', 'LNG-M1'),
(482, '3.02.07', 'LNG-M1-B1'),
(483, '3.02.07', 'LNG-M1-B1-MD'),
(484, '3.02.07', 'LNG-M1-B2'),
(485, '3.02.07', 'LNG-M1-B2-MD'),
(489, '3.02.07', 'LNG-M2'),
(487, '3.02.07', 'LNG-M2-B3'),
(488, '3.02.07', 'LNG-M2-B4'),
(492, '3.02.07', 'LNG-M3'),
(490, '3.02.07', 'LNG-M3-B5'),
(491, '3.02.07', 'LNG-M3-B6'),
(496, '3.02.07', 'LNG-M4'),
(493, '3.02.07', 'LNG-M4-B7'),
(495, '3.02.07', 'LNG-M4-B8'),
(494, '3.02.07', 'LNG-M4-B8-FCL'),
(497, '3.02.07', 'LNG-M5'),
(501, '3.02.07', 'LNG-M5-B9'),
(500, '3.02.07', 'LNG-M6'),
(498, '3.02.07', 'LNG-M6-B10-PD'),
(499, '3.02.07', 'LNG-M6-B10-WH'),
(506, '3.02.08', 'LNG-M1'),
(502, '3.02.08', 'LNG-M1-B1'),
(503, '3.02.08', 'LNG-M1-B1-MD'),
(504, '3.02.08', 'LNG-M1-B2'),
(505, '3.02.08', 'LNG-M1-B2-MD'),
(509, '3.02.08', 'LNG-M2'),
(507, '3.02.08', 'LNG-M2-B3'),
(508, '3.02.08', 'LNG-M2-B4'),
(512, '3.02.08', 'LNG-M3'),
(510, '3.02.08', 'LNG-M3-B5'),
(511, '3.02.08', 'LNG-M3-B6'),
(516, '3.02.08', 'LNG-M4'),
(513, '3.02.08', 'LNG-M4-B7'),
(515, '3.02.08', 'LNG-M4-B8'),
(514, '3.02.08', 'LNG-M4-B8-FCL'),
(517, '3.02.08', 'LNG-M5'),
(521, '3.02.08', 'LNG-M5-B9'),
(520, '3.02.08', 'LNG-M6'),
(518, '3.02.08', 'LNG-M6-B10-PD'),
(519, '3.02.08', 'LNG-M6-B10-WH'),
(522, '3.03.02', 'LNG-M1-B1'),
(523, '3.03.02', 'LNG-M1-B1-MD'),
(524, '3.03.03', 'LNG-M1-B1'),
(525, '3.03.03', 'LNG-M1-B1-MD');

-- --------------------------------------------------------

--
-- Table structure for table `modul`
--

CREATE TABLE `modul` (
  `id_modul` int(11) NOT NULL,
  `nama_modul` varchar(100) NOT NULL,
  `deskripsi` text DEFAULT NULL,
  `created_at` timestamp NOT NULL DEFAULT current_timestamp()
) ENGINE=InnoDB DEFAULT CHARSET=utf8mb4 COLLATE=utf8mb4_general_ci;

--
-- Dumping data for table `modul`
--

INSERT INTO `modul` (`id_modul`, `nama_modul`, `deskripsi`, `created_at`) VALUES
(1, 'LNG-M1', 'Modular 1', '2026-04-08 05:30:02'),
(2, 'LNG-M2', 'Modular 2', '2026-04-08 05:30:02'),
(3, 'LNG-M3', 'Modular 3', '2026-04-08 05:30:02'),
(4, 'LNG-M4', 'Modular 4', '2026-04-08 05:30:02'),
(5, 'LNG-M5', 'Modular 5', '2026-04-08 05:30:02'),
(6, 'LNG-M6', 'Modular 6', '2026-04-08 05:30:02');

-- --------------------------------------------------------

--
-- Table structure for table `role`
--

CREATE TABLE `role` (
  `id_role` int(11) NOT NULL,
  `nama_role` varchar(10) NOT NULL
) ENGINE=InnoDB DEFAULT CHARSET=utf8mb4 COLLATE=utf8mb4_general_ci;

--
-- Dumping data for table `role`
--

INSERT INTO `role` (`id_role`, `nama_role`) VALUES
(1, 'yard'),
(2, 'class'),
(3, 'OS'),
(4, 'stat'),
(5, 'admin');

-- --------------------------------------------------------

--
-- Table structure for table `role_code_assignment`
--

CREATE TABLE `role_code_assignment` (
  `id_role_code_assignment` int(11) NOT NULL,
  `id_role` int(11) NOT NULL,
  `kode` varchar(50) NOT NULL,
  `work_context` enum('WORKSHOP','SHIP') NOT NULL,
  `assignment_mark` enum('W','RV','-','NA') NOT NULL,
  `created_at` timestamp NOT NULL DEFAULT current_timestamp()
) ENGINE=InnoDB DEFAULT CHARSET=utf8mb4 COLLATE=utf8mb4_general_ci;

--
-- Dumping data for table `role_code_assignment`
--

INSERT INTO `role_code_assignment` (`id_role_code_assignment`, `id_role`, `kode`, `work_context`, `assignment_mark`, `created_at`) VALUES
(1, 1, '1.00.01', 'WORKSHOP', 'W', '2026-04-14 07:13:04'),
(2, 2, '1.00.01', 'WORKSHOP', 'RV', '2026-04-14 07:13:04'),
(3, 3, '1.00.01', 'WORKSHOP', 'RV', '2026-04-14 07:13:04'),
(4, 4, '1.00.01', 'WORKSHOP', '-', '2026-04-14 07:13:04'),
(5, 1, '1.00.01', 'SHIP', '-', '2026-04-14 07:13:04'),
(6, 2, '1.00.01', 'SHIP', '-', '2026-04-14 07:13:04'),
(7, 3, '1.00.01', 'SHIP', '-', '2026-04-14 07:13:04'),
(8, 4, '1.00.01', 'SHIP', '-', '2026-04-14 07:13:04'),
(9, 1, '1.00.02', 'WORKSHOP', 'W', '2026-04-14 07:13:04'),
(10, 2, '1.00.02', 'WORKSHOP', 'W', '2026-04-14 07:13:04'),
(11, 3, '1.00.02', 'WORKSHOP', 'W', '2026-04-14 07:13:04'),
(12, 4, '1.00.02', 'WORKSHOP', '-', '2026-04-14 07:13:04'),
(13, 1, '1.00.02', 'SHIP', '-', '2026-04-14 07:13:04'),
(14, 2, '1.00.02', 'SHIP', '-', '2026-04-14 07:13:04'),
(15, 3, '1.00.02', 'SHIP', '-', '2026-04-14 07:13:04'),
(16, 4, '1.00.02', 'SHIP', '-', '2026-04-14 07:13:04'),
(17, 1, '1.00.03', 'WORKSHOP', 'W', '2026-04-14 07:13:04'),
(18, 2, '1.00.03', 'WORKSHOP', 'W', '2026-04-14 07:13:04'),
(19, 3, '1.00.03', 'WORKSHOP', 'W', '2026-04-14 07:13:04'),
(20, 4, '1.00.03', 'WORKSHOP', '-', '2026-04-14 07:13:04'),
(21, 1, '1.00.03', 'SHIP', '-', '2026-04-14 07:13:04'),
(22, 2, '1.00.03', 'SHIP', '-', '2026-04-14 07:13:04'),
(23, 3, '1.00.03', 'SHIP', '-', '2026-04-14 07:13:04'),
(24, 4, '1.00.03', 'SHIP', '-', '2026-04-14 07:13:04'),
(25, 1, '2.00.00', 'WORKSHOP', 'W', '2026-04-14 07:13:04'),
(26, 2, '2.00.00', 'WORKSHOP', 'W', '2026-04-14 07:13:04'),
(27, 3, '2.00.00', 'WORKSHOP', 'W', '2026-04-14 07:13:04'),
(28, 4, '2.00.00', 'WORKSHOP', '-', '2026-04-14 07:13:04'),
(29, 1, '2.00.00', 'SHIP', '-', '2026-04-14 07:13:04'),
(30, 2, '2.00.00', 'SHIP', '-', '2026-04-14 07:13:04'),
(31, 3, '2.00.00', 'SHIP', '-', '2026-04-14 07:13:04'),
(32, 4, '2.00.00', 'SHIP', '-', '2026-04-14 07:13:04'),
(33, 1, '3.01.01', 'WORKSHOP', 'W', '2026-04-14 07:13:04'),
(34, 2, '3.01.01', 'WORKSHOP', 'W', '2026-04-14 07:13:04'),
(35, 3, '3.01.01', 'WORKSHOP', 'W', '2026-04-14 07:13:04'),
(36, 4, '3.01.01', 'WORKSHOP', '-', '2026-04-14 07:13:04'),
(37, 1, '3.01.01', 'SHIP', '-', '2026-04-14 07:13:04'),
(38, 2, '3.01.01', 'SHIP', '-', '2026-04-14 07:13:04'),
(39, 3, '3.01.01', 'SHIP', '-', '2026-04-14 07:13:04'),
(40, 4, '3.01.01', 'SHIP', '-', '2026-04-14 07:13:04'),
(41, 1, '3.01.02', 'WORKSHOP', 'W', '2026-04-14 07:13:04'),
(42, 2, '3.01.02', 'WORKSHOP', 'W', '2026-04-14 07:13:04'),
(43, 3, '3.01.02', 'WORKSHOP', 'W', '2026-04-14 07:13:04'),
(44, 4, '3.01.02', 'WORKSHOP', '-', '2026-04-14 07:13:04'),
(45, 1, '3.01.02', 'SHIP', '-', '2026-04-14 07:13:04'),
(46, 2, '3.01.02', 'SHIP', '-', '2026-04-14 07:13:04'),
(47, 3, '3.01.02', 'SHIP', '-', '2026-04-14 07:13:04'),
(48, 4, '3.01.02', 'SHIP', '-', '2026-04-14 07:13:04'),
(49, 1, '3.01.03', 'WORKSHOP', 'W', '2026-04-14 07:13:04'),
(50, 2, '3.01.03', 'WORKSHOP', 'W', '2026-04-14 07:13:04'),
(51, 3, '3.01.03', 'WORKSHOP', 'W', '2026-04-14 07:13:04'),
(52, 4, '3.01.03', 'WORKSHOP', '-', '2026-04-14 07:13:04'),
(53, 1, '3.01.03', 'SHIP', '-', '2026-04-14 07:13:04'),
(54, 2, '3.01.03', 'SHIP', '-', '2026-04-14 07:13:04'),
(55, 3, '3.01.03', 'SHIP', '-', '2026-04-14 07:13:04'),
(56, 4, '3.01.03', 'SHIP', '-', '2026-04-14 07:13:04'),
(57, 1, '3.01.04', 'WORKSHOP', 'W', '2026-04-14 07:13:04'),
(58, 2, '3.01.04', 'WORKSHOP', 'W', '2026-04-14 07:13:04'),
(59, 3, '3.01.04', 'WORKSHOP', 'W', '2026-04-14 07:13:04'),
(60, 4, '3.01.04', 'WORKSHOP', '-', '2026-04-14 07:13:04'),
(61, 1, '3.01.04', 'SHIP', '-', '2026-04-14 07:13:04'),
(62, 2, '3.01.04', 'SHIP', '-', '2026-04-14 07:13:04'),
(63, 3, '3.01.04', 'SHIP', '-', '2026-04-14 07:13:04'),
(64, 4, '3.01.04', 'SHIP', '-', '2026-04-14 07:13:04'),
(65, 1, '3.01.05', 'WORKSHOP', 'W', '2026-04-14 07:13:04'),
(66, 2, '3.01.05', 'WORKSHOP', 'W', '2026-04-14 07:13:04'),
(67, 3, '3.01.05', 'WORKSHOP', 'W', '2026-04-14 07:13:04'),
(68, 4, '3.01.05', 'WORKSHOP', '-', '2026-04-14 07:13:04'),
(69, 1, '3.01.05', 'SHIP', '-', '2026-04-14 07:13:04'),
(70, 2, '3.01.05', 'SHIP', '-', '2026-04-14 07:13:04'),
(71, 3, '3.01.05', 'SHIP', '-', '2026-04-14 07:13:04'),
(72, 4, '3.01.05', 'SHIP', '-', '2026-04-14 07:13:04'),
(73, 1, '3.02.01', 'WORKSHOP', '-', '2026-04-14 07:13:04'),
(74, 2, '3.02.01', 'WORKSHOP', '-', '2026-04-14 07:13:04'),
(75, 3, '3.02.01', 'WORKSHOP', '-', '2026-04-14 07:13:04'),
(76, 4, '3.02.01', 'WORKSHOP', '-', '2026-04-14 07:13:04'),
(77, 1, '3.02.01', 'SHIP', 'W', '2026-04-14 07:13:04'),
(78, 2, '3.02.01', 'SHIP', 'W', '2026-04-14 07:13:04'),
(79, 3, '3.02.01', 'SHIP', 'W', '2026-04-14 07:13:04'),
(80, 4, '3.02.01', 'SHIP', '-', '2026-04-14 07:13:04'),
(81, 1, '3.02.02', 'WORKSHOP', '-', '2026-04-14 07:13:04'),
(82, 2, '3.02.02', 'WORKSHOP', '-', '2026-04-14 07:13:04'),
(83, 3, '3.02.02', 'WORKSHOP', '-', '2026-04-14 07:13:04'),
(84, 4, '3.02.02', 'WORKSHOP', '-', '2026-04-14 07:13:04'),
(85, 1, '3.02.02', 'SHIP', 'W', '2026-04-14 07:13:04'),
(86, 2, '3.02.02', 'SHIP', 'W', '2026-04-14 07:13:04'),
(87, 3, '3.02.02', 'SHIP', 'W', '2026-04-14 07:13:04'),
(88, 4, '3.02.02', 'SHIP', '-', '2026-04-14 07:13:04'),
(89, 1, '3.02.03', 'WORKSHOP', '-', '2026-04-14 07:13:04'),
(90, 2, '3.02.03', 'WORKSHOP', '-', '2026-04-14 07:13:04'),
(91, 3, '3.02.03', 'WORKSHOP', '-', '2026-04-14 07:13:04'),
(92, 4, '3.02.03', 'WORKSHOP', '-', '2026-04-14 07:13:04'),
(93, 1, '3.02.03', 'SHIP', 'W', '2026-04-14 07:13:04'),
(94, 2, '3.02.03', 'SHIP', 'W', '2026-04-14 07:13:04'),
(95, 3, '3.02.03', 'SHIP', 'W', '2026-04-14 07:13:04'),
(96, 4, '3.02.03', 'SHIP', '-', '2026-04-14 07:13:04'),
(97, 1, '3.02.04', 'WORKSHOP', '-', '2026-04-14 07:13:04'),
(98, 2, '3.02.04', 'WORKSHOP', '-', '2026-04-14 07:13:04'),
(99, 3, '3.02.04', 'WORKSHOP', '-', '2026-04-14 07:13:04'),
(100, 4, '3.02.04', 'WORKSHOP', '-', '2026-04-14 07:13:04'),
(101, 1, '3.02.04', 'SHIP', 'W', '2026-04-14 07:13:04'),
(102, 2, '3.02.04', 'SHIP', 'W', '2026-04-14 07:13:04'),
(103, 3, '3.02.04', 'SHIP', 'W', '2026-04-14 07:13:04'),
(104, 4, '3.02.04', 'SHIP', '-', '2026-04-14 07:13:04'),
(105, 1, '3.02.05', 'WORKSHOP', '-', '2026-04-14 07:13:04'),
(106, 2, '3.02.05', 'WORKSHOP', '-', '2026-04-14 07:13:04'),
(107, 3, '3.02.05', 'WORKSHOP', '-', '2026-04-14 07:13:04'),
(108, 4, '3.02.05', 'WORKSHOP', '-', '2026-04-14 07:13:04'),
(109, 1, '3.02.05', 'SHIP', 'W', '2026-04-14 07:13:04'),
(110, 2, '3.02.05', 'SHIP', 'W', '2026-04-14 07:13:04'),
(111, 3, '3.02.05', 'SHIP', 'W', '2026-04-14 07:13:04'),
(112, 4, '3.02.05', 'SHIP', '-', '2026-04-14 07:13:04'),
(113, 1, '3.02.06', 'WORKSHOP', '-', '2026-04-14 07:13:04'),
(114, 2, '3.02.06', 'WORKSHOP', '-', '2026-04-14 07:13:04'),
(115, 3, '3.02.06', 'WORKSHOP', '-', '2026-04-14 07:13:04'),
(116, 4, '3.02.06', 'WORKSHOP', '-', '2026-04-14 07:13:04'),
(117, 1, '3.02.06', 'SHIP', 'W', '2026-04-14 07:13:04'),
(118, 2, '3.02.06', 'SHIP', 'W', '2026-04-14 07:13:04'),
(119, 3, '3.02.06', 'SHIP', 'W', '2026-04-14 07:13:04'),
(120, 4, '3.02.06', 'SHIP', 'W', '2026-04-14 07:13:04'),
(121, 1, '3.02.07', 'WORKSHOP', '-', '2026-04-14 07:13:04'),
(122, 2, '3.02.07', 'WORKSHOP', '-', '2026-04-14 07:13:04'),
(123, 3, '3.02.07', 'WORKSHOP', '-', '2026-04-14 07:13:04'),
(124, 4, '3.02.07', 'WORKSHOP', '-', '2026-04-14 07:13:04'),
(125, 1, '3.02.07', 'SHIP', 'W', '2026-04-14 07:13:04'),
(126, 2, '3.02.07', 'SHIP', 'W', '2026-04-14 07:13:04'),
(127, 3, '3.02.07', 'SHIP', 'W', '2026-04-14 07:13:04'),
(128, 4, '3.02.07', 'SHIP', 'W', '2026-04-14 07:13:04'),
(129, 1, '3.02.08', 'WORKSHOP', '-', '2026-04-14 07:13:04'),
(130, 2, '3.02.08', 'WORKSHOP', '-', '2026-04-14 07:13:04'),
(131, 3, '3.02.08', 'WORKSHOP', '-', '2026-04-14 07:13:04'),
(132, 4, '3.02.08', 'WORKSHOP', '-', '2026-04-14 07:13:04'),
(133, 1, '3.02.08', 'SHIP', 'W', '2026-04-14 07:13:04'),
(134, 2, '3.02.08', 'SHIP', 'W', '2026-04-14 07:13:04'),
(135, 3, '3.02.08', 'SHIP', 'W', '2026-04-14 07:13:04'),
(136, 4, '3.02.08', 'SHIP', '-', '2026-04-14 07:13:04'),
(137, 1, '3.03.01', 'WORKSHOP', '-', '2026-04-14 07:13:04'),
(138, 2, '3.03.01', 'WORKSHOP', '-', '2026-04-14 07:13:04'),
(139, 3, '3.03.01', 'WORKSHOP', '-', '2026-04-14 07:13:04'),
(140, 4, '3.03.01', 'WORKSHOP', '-', '2026-04-14 07:13:04'),
(141, 1, '3.03.01', 'SHIP', 'W', '2026-04-14 07:13:04'),
(142, 2, '3.03.01', 'SHIP', 'W', '2026-04-14 07:13:04'),
(143, 3, '3.03.01', 'SHIP', 'W', '2026-04-14 07:13:04'),
(144, 4, '3.03.01', 'SHIP', '-', '2026-04-14 07:13:04'),
(145, 1, '3.03.02', 'WORKSHOP', '-', '2026-04-14 07:13:04'),
(146, 2, '3.03.02', 'WORKSHOP', '-', '2026-04-14 07:13:04'),
(147, 3, '3.03.02', 'WORKSHOP', '-', '2026-04-14 07:13:04'),
(148, 4, '3.03.02', 'WORKSHOP', '-', '2026-04-14 07:13:04'),
(149, 1, '3.03.02', 'SHIP', 'W', '2026-04-14 07:13:04'),
(150, 2, '3.03.02', 'SHIP', 'W', '2026-04-14 07:13:04'),
(151, 3, '3.03.02', 'SHIP', 'W', '2026-04-14 07:13:04'),
(152, 4, '3.03.02', 'SHIP', '-', '2026-04-14 07:13:04'),
(153, 1, '3.03.03', 'WORKSHOP', '-', '2026-04-14 07:13:04'),
(154, 2, '3.03.03', 'WORKSHOP', '-', '2026-04-14 07:13:04'),
(155, 3, '3.03.03', 'WORKSHOP', '-', '2026-04-14 07:13:04'),
(156, 4, '3.03.03', 'WORKSHOP', '-', '2026-04-14 07:13:04'),
(157, 1, '3.03.03', 'SHIP', 'W', '2026-04-14 07:13:04'),
(158, 2, '3.03.03', 'SHIP', 'W', '2026-04-14 07:13:04'),
(159, 3, '3.03.03', 'SHIP', 'W', '2026-04-14 07:13:04'),
(160, 4, '3.03.03', 'SHIP', '-', '2026-04-14 07:13:04'),
(161, 1, '3.03.04', 'WORKSHOP', '-', '2026-04-14 07:13:04'),
(162, 2, '3.03.04', 'WORKSHOP', '-', '2026-04-14 07:13:04'),
(163, 3, '3.03.04', 'WORKSHOP', '-', '2026-04-14 07:13:04'),
(164, 4, '3.03.04', 'WORKSHOP', '-', '2026-04-14 07:13:04'),
(165, 1, '3.03.04', 'SHIP', 'W', '2026-04-14 07:13:04'),
(166, 2, '3.03.04', 'SHIP', 'W', '2026-04-14 07:13:04'),
(167, 3, '3.03.04', 'SHIP', 'W', '2026-04-14 07:13:04'),
(168, 4, '3.03.04', 'SHIP', '-', '2026-04-14 07:13:04'),
(169, 1, '4.00.01', 'WORKSHOP', 'W', '2026-04-14 07:13:04'),
(170, 2, '4.00.01', 'WORKSHOP', 'RV', '2026-04-14 07:13:04'),
(171, 3, '4.00.01', 'WORKSHOP', 'W', '2026-04-14 07:13:04'),
(172, 4, '4.00.01', 'WORKSHOP', '-', '2026-04-14 07:13:04'),
(173, 1, '4.00.01', 'SHIP', '-', '2026-04-14 07:13:04'),
(174, 2, '4.00.01', 'SHIP', '-', '2026-04-14 07:13:04'),
(175, 3, '4.00.01', 'SHIP', '-', '2026-04-14 07:13:04'),
(176, 4, '4.00.01', 'SHIP', '-', '2026-04-14 07:13:04'),
(177, 1, '4.00.02', 'WORKSHOP', 'W', '2026-04-14 07:13:04'),
(178, 2, '4.00.02', 'WORKSHOP', 'W', '2026-04-14 07:13:04'),
(179, 3, '4.00.02', 'WORKSHOP', 'W', '2026-04-14 07:13:04'),
(180, 4, '4.00.02', 'WORKSHOP', '-', '2026-04-14 07:13:04'),
(181, 1, '4.00.02', 'SHIP', '-', '2026-04-14 07:13:04'),
(182, 2, '4.00.02', 'SHIP', '-', '2026-04-14 07:13:04'),
(183, 3, '4.00.02', 'SHIP', '-', '2026-04-14 07:13:04'),
(184, 4, '4.00.02', 'SHIP', '-', '2026-04-14 07:13:04'),
(185, 1, '4.00.03', 'WORKSHOP', '-', '2026-04-14 07:13:04'),
(186, 2, '4.00.03', 'WORKSHOP', '-', '2026-04-14 07:13:04'),
(187, 3, '4.00.03', 'WORKSHOP', '-', '2026-04-14 07:13:04'),
(188, 4, '4.00.03', 'WORKSHOP', '-', '2026-04-14 07:13:04'),
(189, 1, '4.00.03', 'SHIP', 'W', '2026-04-14 07:13:04'),
(190, 2, '4.00.03', 'SHIP', 'W', '2026-04-14 07:13:04'),
(191, 3, '4.00.03', 'SHIP', 'W', '2026-04-14 07:13:04'),
(192, 4, '4.00.03', 'SHIP', '-', '2026-04-14 07:13:04'),
(193, 1, '4.00.04', 'WORKSHOP', '-', '2026-04-14 07:13:04'),
(194, 2, '4.00.04', 'WORKSHOP', '-', '2026-04-14 07:13:04'),
(195, 3, '4.00.04', 'WORKSHOP', '-', '2026-04-14 07:13:04'),
(196, 4, '4.00.04', 'WORKSHOP', '-', '2026-04-14 07:13:04'),
(197, 1, '4.00.04', 'SHIP', 'W', '2026-04-14 07:13:04'),
(198, 2, '4.00.04', 'SHIP', 'W', '2026-04-14 07:13:04'),
(199, 3, '4.00.04', 'SHIP', 'W', '2026-04-14 07:13:04'),
(200, 4, '4.00.04', 'SHIP', '-', '2026-04-14 07:13:04'),
(201, 1, '5.00.01', 'WORKSHOP', 'W', '2026-04-14 07:13:04'),
(202, 2, '5.00.01', 'WORKSHOP', 'RV', '2026-04-14 07:13:04'),
(203, 3, '5.00.01', 'WORKSHOP', 'W', '2026-04-14 07:13:04'),
(204, 4, '5.00.01', 'WORKSHOP', '-', '2026-04-14 07:13:04'),
(205, 1, '5.00.01', 'SHIP', '-', '2026-04-14 07:13:04'),
(206, 2, '5.00.01', 'SHIP', '-', '2026-04-14 07:13:04'),
(207, 3, '5.00.01', 'SHIP', '-', '2026-04-14 07:13:04'),
(208, 4, '5.00.01', 'SHIP', '-', '2026-04-14 07:13:04'),
(209, 1, '5.00.02', 'WORKSHOP', '-', '2026-04-14 07:13:04'),
(210, 2, '5.00.02', 'WORKSHOP', '-', '2026-04-14 07:13:04'),
(211, 3, '5.00.02', 'WORKSHOP', '-', '2026-04-14 07:13:04'),
(212, 4, '5.00.02', 'WORKSHOP', '-', '2026-04-14 07:13:04'),
(213, 1, '5.00.02', 'SHIP', 'W', '2026-04-14 07:13:04'),
(214, 2, '5.00.02', 'SHIP', 'W', '2026-04-14 07:13:04'),
(215, 3, '5.00.02', 'SHIP', 'W', '2026-04-14 07:13:04'),
(216, 4, '5.00.02', 'SHIP', '-', '2026-04-14 07:13:04'),
(217, 1, '5.00.03', 'WORKSHOP', '-', '2026-04-14 07:13:04'),
(218, 2, '5.00.03', 'WORKSHOP', '-', '2026-04-14 07:13:04'),
(219, 3, '5.00.03', 'WORKSHOP', '-', '2026-04-14 07:13:04'),
(220, 4, '5.00.03', 'WORKSHOP', '-', '2026-04-14 07:13:04'),
(221, 1, '5.00.03', 'SHIP', 'W', '2026-04-14 07:13:04'),
(222, 2, '5.00.03', 'SHIP', 'W', '2026-04-14 07:13:04'),
(223, 3, '5.00.03', 'SHIP', 'W', '2026-04-14 07:13:04'),
(224, 4, '5.00.03', 'SHIP', '-', '2026-04-14 07:13:04'),
(225, 1, '6.00.01', 'WORKSHOP', 'W', '2026-04-14 07:13:04'),
(226, 2, '6.00.01', 'WORKSHOP', 'RV', '2026-04-14 07:13:04'),
(227, 3, '6.00.01', 'WORKSHOP', 'W', '2026-04-14 07:13:04'),
(228, 4, '6.00.01', 'WORKSHOP', '-', '2026-04-14 07:13:04'),
(229, 1, '6.00.01', 'SHIP', '-', '2026-04-14 07:13:04'),
(230, 2, '6.00.01', 'SHIP', '-', '2026-04-14 07:13:04'),
(231, 3, '6.00.01', 'SHIP', '-', '2026-04-14 07:13:04'),
(232, 4, '6.00.01', 'SHIP', '-', '2026-04-14 07:13:04'),
(233, 1, '6.00.02', 'WORKSHOP', '-', '2026-04-14 07:13:04'),
(234, 2, '6.00.02', 'WORKSHOP', '-', '2026-04-14 07:13:04'),
(235, 3, '6.00.02', 'WORKSHOP', '-', '2026-04-14 07:13:04'),
(236, 4, '6.00.02', 'WORKSHOP', '-', '2026-04-14 07:13:04'),
(237, 1, '6.00.02', 'SHIP', 'W', '2026-04-14 07:13:04'),
(238, 2, '6.00.02', 'SHIP', 'W', '2026-04-14 07:13:04'),
(239, 3, '6.00.02', 'SHIP', 'W', '2026-04-14 07:13:04'),
(240, 4, '6.00.02', 'SHIP', '-', '2026-04-14 07:13:04'),
(241, 1, '6.00.03', 'WORKSHOP', '-', '2026-04-14 07:13:04'),
(242, 2, '6.00.03', 'WORKSHOP', '-', '2026-04-14 07:13:04'),
(243, 3, '6.00.03', 'WORKSHOP', '-', '2026-04-14 07:13:04'),
(244, 4, '6.00.03', 'WORKSHOP', '-', '2026-04-14 07:13:04'),
(245, 1, '6.00.03', 'SHIP', 'W', '2026-04-14 07:13:04'),
(246, 2, '6.00.03', 'SHIP', 'W', '2026-04-14 07:13:04'),
(247, 3, '6.00.03', 'SHIP', 'W', '2026-04-14 07:13:04'),
(248, 4, '6.00.03', 'SHIP', '-', '2026-04-14 07:13:04'),
(249, 1, '6.00.04', 'WORKSHOP', '-', '2026-04-14 07:13:04'),
(250, 2, '6.00.04', 'WORKSHOP', '-', '2026-04-14 07:13:04'),
(251, 3, '6.00.04', 'WORKSHOP', '-', '2026-04-14 07:13:04'),
(252, 4, '6.00.04', 'WORKSHOP', '-', '2026-04-14 07:13:04'),
(253, 1, '6.00.04', 'SHIP', 'W', '2026-04-14 07:13:04'),
(254, 2, '6.00.04', 'SHIP', 'W', '2026-04-14 07:13:04'),
(255, 3, '6.00.04', 'SHIP', 'W', '2026-04-14 07:13:04'),
(256, 4, '6.00.04', 'SHIP', '-', '2026-04-14 07:13:04'),
(257, 1, '6.00.05', 'WORKSHOP', '-', '2026-04-14 07:13:04'),
(258, 2, '6.00.05', 'WORKSHOP', '-', '2026-04-14 07:13:04'),
(259, 3, '6.00.05', 'WORKSHOP', '-', '2026-04-14 07:13:04'),
(260, 4, '6.00.05', 'WORKSHOP', '-', '2026-04-14 07:13:04'),
(261, 1, '6.00.05', 'SHIP', 'W', '2026-04-14 07:13:04'),
(262, 2, '6.00.05', 'SHIP', 'W', '2026-04-14 07:13:04'),
(263, 3, '6.00.05', 'SHIP', 'W', '2026-04-14 07:13:04'),
(264, 4, '6.00.05', 'SHIP', '-', '2026-04-14 07:13:04'),
(265, 1, '7.00.01', 'WORKSHOP', 'W', '2026-04-14 07:13:04'),
(266, 2, '7.00.01', 'WORKSHOP', 'RV', '2026-04-14 07:13:04'),
(267, 3, '7.00.01', 'WORKSHOP', 'W', '2026-04-14 07:13:04'),
(268, 4, '7.00.01', 'WORKSHOP', '-', '2026-04-14 07:13:04'),
(269, 1, '7.00.01', 'SHIP', '-', '2026-04-14 07:13:04'),
(270, 2, '7.00.01', 'SHIP', '-', '2026-04-14 07:13:04'),
(271, 3, '7.00.01', 'SHIP', '-', '2026-04-14 07:13:04'),
(272, 4, '7.00.01', 'SHIP', '-', '2026-04-14 07:13:04'),
(273, 1, '7.00.02', 'WORKSHOP', '-', '2026-04-14 07:13:04'),
(274, 2, '7.00.02', 'WORKSHOP', '-', '2026-04-14 07:13:04'),
(275, 3, '7.00.02', 'WORKSHOP', '-', '2026-04-14 07:13:04'),
(276, 4, '7.00.02', 'WORKSHOP', '-', '2026-04-14 07:13:04'),
(277, 1, '7.00.02', 'SHIP', 'W', '2026-04-14 07:13:04'),
(278, 2, '7.00.02', 'SHIP', 'W', '2026-04-14 07:13:04'),
(279, 3, '7.00.02', 'SHIP', 'W', '2026-04-14 07:13:04'),
(280, 4, '7.00.02', 'SHIP', '-', '2026-04-14 07:13:04'),
(281, 1, '7.00.03', 'WORKSHOP', '-', '2026-04-14 07:13:04'),
(282, 2, '7.00.03', 'WORKSHOP', '-', '2026-04-14 07:13:04'),
(283, 3, '7.00.03', 'WORKSHOP', '-', '2026-04-14 07:13:04'),
(284, 4, '7.00.03', 'WORKSHOP', '-', '2026-04-14 07:13:04'),
(285, 1, '7.00.03', 'SHIP', 'W', '2026-04-14 07:13:04'),
(286, 2, '7.00.03', 'SHIP', 'W', '2026-04-14 07:13:04'),
(287, 3, '7.00.03', 'SHIP', 'W', '2026-04-14 07:13:04'),
(288, 4, '7.00.03', 'SHIP', '-', '2026-04-14 07:13:04'),
(289, 1, '7.00.04', 'WORKSHOP', '-', '2026-04-14 07:13:04'),
(290, 2, '7.00.04', 'WORKSHOP', '-', '2026-04-14 07:13:04'),
(291, 3, '7.00.04', 'WORKSHOP', '-', '2026-04-14 07:13:04'),
(292, 4, '7.00.04', 'WORKSHOP', '-', '2026-04-14 07:13:04'),
(293, 1, '7.00.04', 'SHIP', 'W', '2026-04-14 07:13:04'),
(294, 2, '7.00.04', 'SHIP', 'W', '2026-04-14 07:13:04'),
(295, 3, '7.00.04', 'SHIP', 'W', '2026-04-14 07:13:04'),
(296, 4, '7.00.04', 'SHIP', '-', '2026-04-14 07:13:04'),
(297, 1, '7.00.05', 'WORKSHOP', '-', '2026-04-14 07:13:04'),
(298, 2, '7.00.05', 'WORKSHOP', '-', '2026-04-14 07:13:04'),
(299, 3, '7.00.05', 'WORKSHOP', '-', '2026-04-14 07:13:04'),
(300, 4, '7.00.05', 'WORKSHOP', '-', '2026-04-14 07:13:04'),
(301, 1, '7.00.05', 'SHIP', 'W', '2026-04-14 07:13:04'),
(302, 2, '7.00.05', 'SHIP', 'W', '2026-04-14 07:13:04'),
(303, 3, '7.00.05', 'SHIP', 'W', '2026-04-14 07:13:04'),
(304, 4, '7.00.05', 'SHIP', '-', '2026-04-14 07:13:04'),
(305, 1, '8.00.01', 'WORKSHOP', 'W', '2026-04-14 07:13:04'),
(306, 2, '8.00.01', 'WORKSHOP', 'RV', '2026-04-14 07:13:04'),
(307, 3, '8.00.01', 'WORKSHOP', 'W', '2026-04-14 07:13:04'),
(308, 4, '8.00.01', 'WORKSHOP', '-', '2026-04-14 07:13:04'),
(309, 1, '8.00.01', 'SHIP', '-', '2026-04-14 07:13:04'),
(310, 2, '8.00.01', 'SHIP', '-', '2026-04-14 07:13:04'),
(311, 3, '8.00.01', 'SHIP', '-', '2026-04-14 07:13:04'),
(312, 4, '8.00.01', 'SHIP', '-', '2026-04-14 07:13:04'),
(313, 1, '8.00.02', 'WORKSHOP', 'W', '2026-04-14 07:13:04'),
(314, 2, '8.00.02', 'WORKSHOP', 'W', '2026-04-14 07:13:04'),
(315, 3, '8.00.02', 'WORKSHOP', 'W', '2026-04-14 07:13:04'),
(316, 4, '8.00.02', 'WORKSHOP', '-', '2026-04-14 07:13:04'),
(317, 1, '8.00.02', 'SHIP', '-', '2026-04-14 07:13:04'),
(318, 2, '8.00.02', 'SHIP', '-', '2026-04-14 07:13:04'),
(319, 3, '8.00.02', 'SHIP', '-', '2026-04-14 07:13:04'),
(320, 4, '8.00.02', 'SHIP', '-', '2026-04-14 07:13:04'),
(321, 1, '8.00.03', 'WORKSHOP', 'W', '2026-04-14 07:13:04'),
(322, 2, '8.00.03', 'WORKSHOP', 'W', '2026-04-14 07:13:04'),
(323, 3, '8.00.03', 'WORKSHOP', 'W', '2026-04-14 07:13:04'),
(324, 4, '8.00.03', 'WORKSHOP', '-', '2026-04-14 07:13:04'),
(325, 1, '8.00.03', 'SHIP', '-', '2026-04-14 07:13:04'),
(326, 2, '8.00.03', 'SHIP', '-', '2026-04-14 07:13:04'),
(327, 3, '8.00.03', 'SHIP', '-', '2026-04-14 07:13:04'),
(328, 4, '8.00.03', 'SHIP', '-', '2026-04-14 07:13:04'),
(329, 1, '8.00.04', 'WORKSHOP', 'W', '2026-04-14 07:13:04'),
(330, 2, '8.00.04', 'WORKSHOP', 'W', '2026-04-14 07:13:04'),
(331, 3, '8.00.04', 'WORKSHOP', 'W', '2026-04-14 07:13:04'),
(332, 4, '8.00.04', 'WORKSHOP', '-', '2026-04-14 07:13:04'),
(333, 1, '8.00.04', 'SHIP', 'W', '2026-04-14 07:13:04'),
(334, 2, '8.00.04', 'SHIP', 'W', '2026-04-14 07:13:04'),
(335, 3, '8.00.04', 'SHIP', 'W', '2026-04-14 07:13:04'),
(336, 4, '8.00.04', 'SHIP', '-', '2026-04-14 07:13:04'),
(337, 1, '9.00.01', 'WORKSHOP', 'W', '2026-04-14 07:13:04'),
(338, 2, '9.00.01', 'WORKSHOP', 'RV', '2026-04-14 07:13:04'),
(339, 3, '9.00.01', 'WORKSHOP', 'W', '2026-04-14 07:13:04'),
(340, 4, '9.00.01', 'WORKSHOP', '-', '2026-04-14 07:13:04'),
(341, 1, '9.00.01', 'SHIP', '-', '2026-04-14 07:13:04'),
(342, 2, '9.00.01', 'SHIP', '-', '2026-04-14 07:13:04'),
(343, 3, '9.00.01', 'SHIP', '-', '2026-04-14 07:13:04'),
(344, 4, '9.00.01', 'SHIP', '-', '2026-04-14 07:13:04'),
(345, 1, '9.00.02', 'WORKSHOP', 'W', '2026-04-14 07:13:04'),
(346, 2, '9.00.02', 'WORKSHOP', 'W', '2026-04-14 07:13:04'),
(347, 3, '9.00.02', 'WORKSHOP', 'W', '2026-04-14 07:13:04'),
(348, 4, '9.00.02', 'WORKSHOP', '-', '2026-04-14 07:13:04'),
(349, 1, '9.00.02', 'SHIP', '-', '2026-04-14 07:13:04'),
(350, 2, '9.00.02', 'SHIP', '-', '2026-04-14 07:13:04'),
(351, 3, '9.00.02', 'SHIP', '-', '2026-04-14 07:13:04'),
(352, 4, '9.00.02', 'SHIP', '-', '2026-04-14 07:13:04'),
(353, 1, '9.00.03', 'WORKSHOP', 'W', '2026-04-14 07:13:04'),
(354, 2, '9.00.03', 'WORKSHOP', 'W', '2026-04-14 07:13:04'),
(355, 3, '9.00.03', 'WORKSHOP', 'W', '2026-04-14 07:13:04'),
(356, 4, '9.00.03', 'WORKSHOP', '-', '2026-04-14 07:13:04'),
(357, 1, '9.00.03', 'SHIP', 'W', '2026-04-14 07:13:04'),
(358, 2, '9.00.03', 'SHIP', 'W', '2026-04-14 07:13:04'),
(359, 3, '9.00.03', 'SHIP', 'W', '2026-04-14 07:13:04'),
(360, 4, '9.00.03', 'SHIP', '-', '2026-04-14 07:13:04'),
(361, 1, '10.00.01', 'WORKSHOP', '-', '2026-04-14 07:13:04'),
(362, 2, '10.00.01', 'WORKSHOP', '-', '2026-04-14 07:13:04'),
(363, 3, '10.00.01', 'WORKSHOP', '-', '2026-04-14 07:13:04'),
(364, 4, '10.00.01', 'WORKSHOP', '-', '2026-04-14 07:13:04'),
(365, 1, '10.00.01', 'SHIP', 'W', '2026-04-14 07:13:04'),
(366, 2, '10.00.01', 'SHIP', 'W', '2026-04-14 07:13:04'),
(367, 3, '10.00.01', 'SHIP', 'W', '2026-04-14 07:13:04'),
(368, 4, '10.00.01', 'SHIP', '-', '2026-04-14 07:13:04'),
(369, 1, '10.00.02', 'WORKSHOP', 'W', '2026-04-14 07:13:04'),
(370, 2, '10.00.02', 'WORKSHOP', 'RV', '2026-04-14 07:13:04'),
(371, 3, '10.00.02', 'WORKSHOP', 'W', '2026-04-14 07:13:04'),
(372, 4, '10.00.02', 'WORKSHOP', '-', '2026-04-14 07:13:04'),
(373, 1, '10.00.02', 'SHIP', '-', '2026-04-14 07:13:04'),
(374, 2, '10.00.02', 'SHIP', '-', '2026-04-14 07:13:04'),
(375, 3, '10.00.02', 'SHIP', '-', '2026-04-14 07:13:04'),
(376, 4, '10.00.02', 'SHIP', '-', '2026-04-14 07:13:04'),
(377, 1, '10.00.03', 'WORKSHOP', 'W', '2026-04-14 07:13:04'),
(378, 2, '10.00.03', 'WORKSHOP', 'RV', '2026-04-14 07:13:04'),
(379, 3, '10.00.03', 'WORKSHOP', 'W', '2026-04-14 07:13:04'),
(380, 4, '10.00.03', 'WORKSHOP', '-', '2026-04-14 07:13:04'),
(381, 1, '10.00.03', 'SHIP', '-', '2026-04-14 07:13:04'),
(382, 2, '10.00.03', 'SHIP', '-', '2026-04-14 07:13:04'),
(383, 3, '10.00.03', 'SHIP', '-', '2026-04-14 07:13:04'),
(384, 4, '10.00.03', 'SHIP', '-', '2026-04-14 07:13:04'),
(385, 1, '10.00.04', 'WORKSHOP', 'W', '2026-04-14 07:13:04'),
(386, 2, '10.00.04', 'WORKSHOP', 'W', '2026-04-14 07:13:04'),
(387, 3, '10.00.04', 'WORKSHOP', 'W', '2026-04-14 07:13:04'),
(388, 4, '10.00.04', 'WORKSHOP', '-', '2026-04-14 07:13:04'),
(389, 1, '10.00.04', 'SHIP', '-', '2026-04-14 07:13:04'),
(390, 2, '10.00.04', 'SHIP', '-', '2026-04-14 07:13:04'),
(391, 3, '10.00.04', 'SHIP', '-', '2026-04-14 07:13:04'),
(392, 4, '10.00.04', 'SHIP', '-', '2026-04-14 07:13:04'),
(393, 1, '10.00.05', 'WORKSHOP', '-', '2026-04-14 07:13:04'),
(394, 2, '10.00.05', 'WORKSHOP', '-', '2026-04-14 07:13:04'),
(395, 3, '10.00.05', 'WORKSHOP', '-', '2026-04-14 07:13:04'),
(396, 4, '10.00.05', 'WORKSHOP', '-', '2026-04-14 07:13:04'),
(397, 1, '10.00.05', 'SHIP', 'W', '2026-04-14 07:13:04'),
(398, 2, '10.00.05', 'SHIP', 'W', '2026-04-14 07:13:04'),
(399, 3, '10.00.05', 'SHIP', 'W', '2026-04-14 07:13:04'),
(400, 4, '10.00.05', 'SHIP', '-', '2026-04-14 07:13:04'),
(401, 1, '11.00.01', 'WORKSHOP', 'W', '2026-04-14 07:13:04'),
(402, 2, '11.00.01', 'WORKSHOP', 'RV', '2026-04-14 07:13:04'),
(403, 3, '11.00.01', 'WORKSHOP', 'W', '2026-04-14 07:13:04'),
(404, 4, '11.00.01', 'WORKSHOP', '-', '2026-04-14 07:13:04'),
(405, 1, '11.00.01', 'SHIP', '-', '2026-04-14 07:13:04'),
(406, 2, '11.00.01', 'SHIP', '-', '2026-04-14 07:13:04'),
(407, 3, '11.00.01', 'SHIP', '-', '2026-04-14 07:13:04'),
(408, 4, '11.00.01', 'SHIP', '-', '2026-04-14 07:13:04'),
(409, 1, '11.00.02', 'WORKSHOP', 'W', '2026-04-14 07:13:04'),
(410, 2, '11.00.02', 'WORKSHOP', 'W', '2026-04-14 07:13:04'),
(411, 3, '11.00.02', 'WORKSHOP', 'W', '2026-04-14 07:13:04'),
(412, 4, '11.00.02', 'WORKSHOP', '-', '2026-04-14 07:13:04'),
(413, 1, '11.00.02', 'SHIP', '-', '2026-04-14 07:13:04'),
(414, 2, '11.00.02', 'SHIP', '-', '2026-04-14 07:13:04'),
(415, 3, '11.00.02', 'SHIP', '-', '2026-04-14 07:13:04'),
(416, 4, '11.00.02', 'SHIP', '-', '2026-04-14 07:13:04'),
(417, 1, '11.00.03', 'WORKSHOP', '-', '2026-04-14 07:13:04'),
(418, 2, '11.00.03', 'WORKSHOP', '-', '2026-04-14 07:13:04'),
(419, 3, '11.00.03', 'WORKSHOP', '-', '2026-04-14 07:13:04'),
(420, 4, '11.00.03', 'WORKSHOP', '-', '2026-04-14 07:13:04'),
(421, 1, '11.00.03', 'SHIP', 'W', '2026-04-14 07:13:04'),
(422, 2, '11.00.03', 'SHIP', 'W', '2026-04-14 07:13:04'),
(423, 3, '11.00.03', 'SHIP', 'W', '2026-04-14 07:13:04'),
(424, 4, '11.00.03', 'SHIP', '-', '2026-04-14 07:13:04'),
(425, 1, '11.00.04', 'WORKSHOP', '-', '2026-04-14 07:13:04'),
(426, 2, '11.00.04', 'WORKSHOP', '-', '2026-04-14 07:13:04'),
(427, 3, '11.00.04', 'WORKSHOP', '-', '2026-04-14 07:13:04'),
(428, 4, '11.00.04', 'WORKSHOP', '-', '2026-04-14 07:13:04'),
(429, 1, '11.00.04', 'SHIP', 'W', '2026-04-14 07:13:04'),
(430, 2, '11.00.04', 'SHIP', 'W', '2026-04-14 07:13:04'),
(431, 3, '11.00.04', 'SHIP', 'W', '2026-04-14 07:13:04'),
(432, 4, '11.00.04', 'SHIP', '-', '2026-04-14 07:13:04'),
(433, 1, '11.00.05', 'WORKSHOP', '-', '2026-04-14 07:13:04'),
(434, 2, '11.00.05', 'WORKSHOP', '-', '2026-04-14 07:13:04'),
(435, 3, '11.00.05', 'WORKSHOP', '-', '2026-04-14 07:13:04'),
(436, 4, '11.00.05', 'WORKSHOP', '-', '2026-04-14 07:13:04'),
(437, 1, '11.00.05', 'SHIP', 'W', '2026-04-14 07:13:04'),
(438, 2, '11.00.05', 'SHIP', 'W', '2026-04-14 07:13:04'),
(439, 3, '11.00.05', 'SHIP', 'W', '2026-04-14 07:13:04'),
(440, 4, '11.00.05', 'SHIP', '-', '2026-04-14 07:13:04'),
(441, 1, '11.00.06', 'WORKSHOP', '-', '2026-04-14 07:13:04'),
(442, 2, '11.00.06', 'WORKSHOP', '-', '2026-04-14 07:13:04'),
(443, 3, '11.00.06', 'WORKSHOP', '-', '2026-04-14 07:13:04'),
(444, 4, '11.00.06', 'WORKSHOP', '-', '2026-04-14 07:13:04'),
(445, 1, '11.00.06', 'SHIP', 'W', '2026-04-14 07:13:04'),
(446, 2, '11.00.06', 'SHIP', 'W', '2026-04-14 07:13:04'),
(447, 3, '11.00.06', 'SHIP', 'W', '2026-04-14 07:13:04'),
(448, 4, '11.00.06', 'SHIP', '-', '2026-04-14 07:13:04'),
(449, 1, '11.00.07', 'WORKSHOP', '-', '2026-04-14 07:13:04'),
(450, 2, '11.00.07', 'WORKSHOP', '-', '2026-04-14 07:13:04'),
(451, 3, '11.00.07', 'WORKSHOP', '-', '2026-04-14 07:13:04'),
(452, 4, '11.00.07', 'WORKSHOP', '-', '2026-04-14 07:13:04'),
(453, 1, '11.00.07', 'SHIP', 'W', '2026-04-14 07:13:04'),
(454, 2, '11.00.07', 'SHIP', 'W', '2026-04-14 07:13:04'),
(455, 3, '11.00.07', 'SHIP', 'W', '2026-04-14 07:13:04'),
(456, 4, '11.00.07', 'SHIP', '-', '2026-04-14 07:13:04'),
(457, 1, '11.00.08', 'WORKSHOP', '-', '2026-04-14 07:13:04'),
(458, 2, '11.00.08', 'WORKSHOP', '-', '2026-04-14 07:13:04'),
(459, 3, '11.00.08', 'WORKSHOP', '-', '2026-04-14 07:13:04'),
(460, 4, '11.00.08', 'WORKSHOP', '-', '2026-04-14 07:13:04'),
(461, 1, '11.00.08', 'SHIP', 'W', '2026-04-14 07:13:04'),
(462, 2, '11.00.08', 'SHIP', '-', '2026-04-14 07:13:04'),
(463, 3, '11.00.08', 'SHIP', '-', '2026-04-14 07:13:04'),
(464, 4, '11.00.08', 'SHIP', '-', '2026-04-14 07:13:04'),
(465, 1, '11.00.09', 'WORKSHOP', '-', '2026-04-14 07:13:04'),
(466, 2, '11.00.09', 'WORKSHOP', '-', '2026-04-14 07:13:04'),
(467, 3, '11.00.09', 'WORKSHOP', '-', '2026-04-14 07:13:04'),
(468, 4, '11.00.09', 'WORKSHOP', '-', '2026-04-14 07:13:04'),
(469, 1, '11.00.09', 'SHIP', 'W', '2026-04-14 07:13:04'),
(470, 2, '11.00.09', 'SHIP', 'W', '2026-04-14 07:13:04'),
(471, 3, '11.00.09', 'SHIP', 'W', '2026-04-14 07:13:04'),
(472, 4, '11.00.09', 'SHIP', 'W', '2026-04-14 07:13:04'),
(473, 1, '11.00.10', 'WORKSHOP', '-', '2026-04-14 07:13:04'),
(474, 2, '11.00.10', 'WORKSHOP', '-', '2026-04-14 07:13:04'),
(475, 3, '11.00.10', 'WORKSHOP', '-', '2026-04-14 07:13:04'),
(476, 4, '11.00.10', 'WORKSHOP', '-', '2026-04-14 07:13:04'),
(477, 1, '11.00.10', 'SHIP', 'W', '2026-04-14 07:13:04'),
(478, 2, '11.00.10', 'SHIP', 'W', '2026-04-14 07:13:04'),
(479, 3, '11.00.10', 'SHIP', 'W', '2026-04-14 07:13:04'),
(480, 4, '11.00.10', 'SHIP', 'W', '2026-04-14 07:13:04'),
(481, 1, '12.00.01', 'WORKSHOP', 'W', '2026-04-14 07:13:04'),
(482, 2, '12.00.01', 'WORKSHOP', 'RV', '2026-04-14 07:13:04'),
(483, 3, '12.00.01', 'WORKSHOP', 'W', '2026-04-14 07:13:04'),
(484, 4, '12.00.01', 'WORKSHOP', '-', '2026-04-14 07:13:04'),
(485, 1, '12.00.01', 'SHIP', '-', '2026-04-14 07:13:04'),
(486, 2, '12.00.01', 'SHIP', '-', '2026-04-14 07:13:04'),
(487, 3, '12.00.01', 'SHIP', '-', '2026-04-14 07:13:04'),
(488, 4, '12.00.01', 'SHIP', '-', '2026-04-14 07:13:04'),
(489, 1, '12.00.02', 'WORKSHOP', 'W', '2026-04-14 07:13:04'),
(490, 2, '12.00.02', 'WORKSHOP', 'W', '2026-04-14 07:13:04'),
(491, 3, '12.00.02', 'WORKSHOP', 'W', '2026-04-14 07:13:04'),
(492, 4, '12.00.02', 'WORKSHOP', '-', '2026-04-14 07:13:04'),
(493, 1, '12.00.02', 'SHIP', '-', '2026-04-14 07:13:04'),
(494, 2, '12.00.02', 'SHIP', '-', '2026-04-14 07:13:04'),
(495, 3, '12.00.02', 'SHIP', '-', '2026-04-14 07:13:04'),
(496, 4, '12.00.02', 'SHIP', '-', '2026-04-14 07:13:04'),
(497, 1, '12.00.03', 'WORKSHOP', '-', '2026-04-14 07:13:04'),
(498, 2, '12.00.03', 'WORKSHOP', '-', '2026-04-14 07:13:04'),
(499, 3, '12.00.03', 'WORKSHOP', '-', '2026-04-14 07:13:04'),
(500, 4, '12.00.03', 'WORKSHOP', '-', '2026-04-14 07:13:04'),
(501, 1, '12.00.03', 'SHIP', 'W', '2026-04-14 07:13:04'),
(502, 2, '12.00.03', 'SHIP', 'W', '2026-04-14 07:13:04'),
(503, 3, '12.00.03', 'SHIP', 'W', '2026-04-14 07:13:04'),
(504, 4, '12.00.03', 'SHIP', '-', '2026-04-14 07:13:04'),
(505, 1, '12.00.04', 'WORKSHOP', '-', '2026-04-14 07:13:04'),
(506, 2, '12.00.04', 'WORKSHOP', '-', '2026-04-14 07:13:04'),
(507, 3, '12.00.04', 'WORKSHOP', '-', '2026-04-14 07:13:04'),
(508, 4, '12.00.04', 'WORKSHOP', '-', '2026-04-14 07:13:04'),
(509, 1, '12.00.04', 'SHIP', 'W', '2026-04-14 07:13:04'),
(510, 2, '12.00.04', 'SHIP', 'W', '2026-04-14 07:13:04'),
(511, 3, '12.00.04', 'SHIP', 'W', '2026-04-14 07:13:04'),
(512, 4, '12.00.04', 'SHIP', '-', '2026-04-14 07:13:04'),
(513, 1, '12.00.05', 'WORKSHOP', '-', '2026-04-14 07:13:04'),
(514, 2, '12.00.05', 'WORKSHOP', '-', '2026-04-14 07:13:04'),
(515, 3, '12.00.05', 'WORKSHOP', '-', '2026-04-14 07:13:04'),
(516, 4, '12.00.05', 'WORKSHOP', '-', '2026-04-14 07:13:04'),
(517, 1, '12.00.05', 'SHIP', 'W', '2026-04-14 07:13:04'),
(518, 2, '12.00.05', 'SHIP', 'W', '2026-04-14 07:13:04'),
(519, 3, '12.00.05', 'SHIP', 'W', '2026-04-14 07:13:04'),
(520, 4, '12.00.05', 'SHIP', '-', '2026-04-14 07:13:04'),
(521, 1, '13.00.01', 'WORKSHOP', 'W', '2026-04-14 07:13:04'),
(522, 2, '13.00.01', 'WORKSHOP', 'RV', '2026-04-14 07:13:04'),
(523, 3, '13.00.01', 'WORKSHOP', 'W', '2026-04-14 07:13:04'),
(524, 4, '13.00.01', 'WORKSHOP', '-', '2026-04-14 07:13:04'),
(525, 1, '13.00.01', 'SHIP', '-', '2026-04-14 07:13:04'),
(526, 2, '13.00.01', 'SHIP', '-', '2026-04-14 07:13:04'),
(527, 3, '13.00.01', 'SHIP', '-', '2026-04-14 07:13:04'),
(528, 4, '13.00.01', 'SHIP', '-', '2026-04-14 07:13:04'),
(529, 1, '13.00.02', 'WORKSHOP', '-', '2026-04-14 07:13:04'),
(530, 2, '13.00.02', 'WORKSHOP', '-', '2026-04-14 07:13:04'),
(531, 3, '13.00.02', 'WORKSHOP', '-', '2026-04-14 07:13:04'),
(532, 4, '13.00.02', 'WORKSHOP', '-', '2026-04-14 07:13:04'),
(533, 1, '13.00.02', 'SHIP', 'W', '2026-04-14 07:13:04'),
(534, 2, '13.00.02', 'SHIP', 'W', '2026-04-14 07:13:04'),
(535, 3, '13.00.02', 'SHIP', 'W', '2026-04-14 07:13:04'),
(536, 4, '13.00.02', 'SHIP', '-', '2026-04-14 07:13:04'),
(537, 1, '13.00.03', 'WORKSHOP', '-', '2026-04-14 07:13:04'),
(538, 2, '13.00.03', 'WORKSHOP', '-', '2026-04-14 07:13:04'),
(539, 3, '13.00.03', 'WORKSHOP', '-', '2026-04-14 07:13:04'),
(540, 4, '13.00.03', 'WORKSHOP', '-', '2026-04-14 07:13:04'),
(541, 1, '13.00.03', 'SHIP', 'W', '2026-04-14 07:13:04'),
(542, 2, '13.00.03', 'SHIP', 'W', '2026-04-14 07:13:04'),
(543, 3, '13.00.03', 'SHIP', 'W', '2026-04-14 07:13:04'),
(544, 4, '13.00.03', 'SHIP', '-', '2026-04-14 07:13:04'),
(545, 1, '14.00.01', 'WORKSHOP', 'NA', '2026-04-14 07:13:04'),
(546, 2, '14.00.01', 'WORKSHOP', 'NA', '2026-04-14 07:13:04'),
(547, 3, '14.00.01', 'WORKSHOP', 'NA', '2026-04-14 07:13:04'),
(548, 4, '14.00.01', 'WORKSHOP', 'NA', '2026-04-14 07:13:04'),
(549, 1, '14.00.01', 'SHIP', 'NA', '2026-04-14 07:13:04'),
(550, 2, '14.00.01', 'SHIP', 'NA', '2026-04-14 07:13:04'),
(551, 3, '14.00.01', 'SHIP', 'NA', '2026-04-14 07:13:04'),
(552, 4, '14.00.01', 'SHIP', 'NA', '2026-04-14 07:13:04'),
(553, 1, '14.00.02', 'WORKSHOP', 'NA', '2026-04-14 07:13:04'),
(554, 2, '14.00.02', 'WORKSHOP', 'NA', '2026-04-14 07:13:04'),
(555, 3, '14.00.02', 'WORKSHOP', 'NA', '2026-04-14 07:13:04'),
(556, 4, '14.00.02', 'WORKSHOP', 'NA', '2026-04-14 07:13:04'),
(557, 1, '14.00.02', 'SHIP', 'NA', '2026-04-14 07:13:04'),
(558, 2, '14.00.02', 'SHIP', 'NA', '2026-04-14 07:13:04'),
(559, 3, '14.00.02', 'SHIP', 'NA', '2026-04-14 07:13:04'),
(560, 4, '14.00.02', 'SHIP', 'NA', '2026-04-14 07:13:04'),
(561, 1, '14.00.03', 'WORKSHOP', 'NA', '2026-04-14 07:13:04'),
(562, 2, '14.00.03', 'WORKSHOP', 'NA', '2026-04-14 07:13:04'),
(563, 3, '14.00.03', 'WORKSHOP', 'NA', '2026-04-14 07:13:04'),
(564, 4, '14.00.03', 'WORKSHOP', 'NA', '2026-04-14 07:13:04'),
(565, 1, '14.00.03', 'SHIP', 'NA', '2026-04-14 07:13:04'),
(566, 2, '14.00.03', 'SHIP', 'NA', '2026-04-14 07:13:04'),
(567, 3, '14.00.03', 'SHIP', 'NA', '2026-04-14 07:13:04'),
(568, 4, '14.00.03', 'SHIP', 'NA', '2026-04-14 07:13:04'),
(569, 1, '15.00.01', 'WORKSHOP', 'W', '2026-04-14 07:13:04'),
(570, 2, '15.00.01', 'WORKSHOP', '-', '2026-04-14 07:13:04'),
(571, 3, '15.00.01', 'WORKSHOP', 'RV', '2026-04-14 07:13:04'),
(572, 4, '15.00.01', 'WORKSHOP', 'RV', '2026-04-14 07:13:04'),
(573, 1, '15.00.01', 'SHIP', '-', '2026-04-14 07:13:04'),
(574, 2, '15.00.01', 'SHIP', '-', '2026-04-14 07:13:04'),
(575, 3, '15.00.01', 'SHIP', '-', '2026-04-14 07:13:04'),
(576, 4, '15.00.01', 'SHIP', '-', '2026-04-14 07:13:04'),
(577, 1, '15.00.02', 'WORKSHOP', 'W', '2026-04-14 07:13:04'),
(578, 2, '15.00.02', 'WORKSHOP', '-', '2026-04-14 07:13:04'),
(579, 3, '15.00.02', 'WORKSHOP', 'W', '2026-04-14 07:13:04'),
(580, 4, '15.00.02', 'WORKSHOP', '-', '2026-04-14 07:13:04'),
(581, 1, '15.00.02', 'SHIP', '-', '2026-04-14 07:13:04'),
(582, 2, '15.00.02', 'SHIP', '-', '2026-04-14 07:13:04'),
(583, 3, '15.00.02', 'SHIP', '-', '2026-04-14 07:13:04'),
(584, 4, '15.00.02', 'SHIP', '-', '2026-04-14 07:13:04'),
(585, 1, '15.00.03', 'WORKSHOP', '-', '2026-04-14 07:13:04'),
(586, 2, '15.00.03', 'WORKSHOP', '-', '2026-04-14 07:13:04'),
(587, 3, '15.00.03', 'WORKSHOP', '-', '2026-04-14 07:13:04'),
(588, 4, '15.00.03', 'WORKSHOP', '-', '2026-04-14 07:13:04'),
(589, 1, '15.00.03', 'SHIP', 'W', '2026-04-14 07:13:04'),
(590, 2, '15.00.03', 'SHIP', '-', '2026-04-14 07:13:04'),
(591, 3, '15.00.03', 'SHIP', 'W', '2026-04-14 07:13:04'),
(592, 4, '15.00.03', 'SHIP', '-', '2026-04-14 07:13:04'),
(593, 1, '15.00.04', 'WORKSHOP', '-', '2026-04-14 07:13:04'),
(594, 2, '15.00.04', 'WORKSHOP', '-', '2026-04-14 07:13:04'),
(595, 3, '15.00.04', 'WORKSHOP', '-', '2026-04-14 07:13:04'),
(596, 4, '15.00.04', 'WORKSHOP', '-', '2026-04-14 07:13:04'),
(597, 1, '15.00.04', 'SHIP', 'W', '2026-04-14 07:13:04'),
(598, 2, '15.00.04', 'SHIP', '-', '2026-04-14 07:13:04'),
(599, 3, '15.00.04', 'SHIP', 'W', '2026-04-14 07:13:04'),
(600, 4, '15.00.04', 'SHIP', 'W', '2026-04-14 07:13:04'),
(601, 1, '16.00.01', 'WORKSHOP', 'W', '2026-04-14 07:13:04'),
(602, 2, '16.00.01', 'WORKSHOP', '-', '2026-04-14 07:13:04'),
(603, 3, '16.00.01', 'WORKSHOP', 'RV', '2026-04-14 07:13:04'),
(604, 4, '16.00.01', 'WORKSHOP', 'RV', '2026-04-14 07:13:04'),
(605, 1, '16.00.01', 'SHIP', '-', '2026-04-14 07:13:04'),
(606, 2, '16.00.01', 'SHIP', '-', '2026-04-14 07:13:04'),
(607, 3, '16.00.01', 'SHIP', '-', '2026-04-14 07:13:04'),
(608, 4, '16.00.01', 'SHIP', '-', '2026-04-14 07:13:04'),
(609, 1, '16.00.02', 'WORKSHOP', 'W', '2026-04-14 07:13:04'),
(610, 2, '16.00.02', 'WORKSHOP', '-', '2026-04-14 07:13:04'),
(611, 3, '16.00.02', 'WORKSHOP', 'W', '2026-04-14 07:13:04'),
(612, 4, '16.00.02', 'WORKSHOP', '-', '2026-04-14 07:13:04'),
(613, 1, '16.00.02', 'SHIP', '-', '2026-04-14 07:13:04'),
(614, 2, '16.00.02', 'SHIP', '-', '2026-04-14 07:13:04'),
(615, 3, '16.00.02', 'SHIP', '-', '2026-04-14 07:13:04'),
(616, 4, '16.00.02', 'SHIP', '-', '2026-04-14 07:13:04'),
(617, 1, '16.00.03', 'WORKSHOP', '-', '2026-04-14 07:13:04'),
(618, 2, '16.00.03', 'WORKSHOP', '-', '2026-04-14 07:13:04'),
(619, 3, '16.00.03', 'WORKSHOP', '-', '2026-04-14 07:13:04'),
(620, 4, '16.00.03', 'WORKSHOP', '-', '2026-04-14 07:13:04'),
(621, 1, '16.00.03', 'SHIP', 'W', '2026-04-14 07:13:04'),
(622, 2, '16.00.03', 'SHIP', '-', '2026-04-14 07:13:04'),
(623, 3, '16.00.03', 'SHIP', 'W', '2026-04-14 07:13:04'),
(624, 4, '16.00.03', 'SHIP', '-', '2026-04-14 07:13:04'),
(625, 1, '16.00.04', 'WORKSHOP', '-', '2026-04-14 07:13:04'),
(626, 2, '16.00.04', 'WORKSHOP', '-', '2026-04-14 07:13:04'),
(627, 3, '16.00.04', 'WORKSHOP', '-', '2026-04-14 07:13:04'),
(628, 4, '16.00.04', 'WORKSHOP', '-', '2026-04-14 07:13:04'),
(629, 1, '16.00.04', 'SHIP', 'W', '2026-04-14 07:13:04'),
(630, 2, '16.00.04', 'SHIP', '-', '2026-04-14 07:13:04'),
(631, 3, '16.00.04', 'SHIP', 'W', '2026-04-14 07:13:04'),
(632, 4, '16.00.04', 'SHIP', 'W', '2026-04-14 07:13:04'),
(633, 1, '17.00.01', 'WORKSHOP', 'W', '2026-04-14 07:13:04'),
(634, 2, '17.00.01', 'WORKSHOP', '-', '2026-04-14 07:13:04'),
(635, 3, '17.00.01', 'WORKSHOP', 'RV', '2026-04-14 07:13:04'),
(636, 4, '17.00.01', 'WORKSHOP', 'RV', '2026-04-14 07:13:04'),
(637, 1, '17.00.01', 'SHIP', '-', '2026-04-14 07:13:04'),
(638, 2, '17.00.01', 'SHIP', '-', '2026-04-14 07:13:04'),
(639, 3, '17.00.01', 'SHIP', '-', '2026-04-14 07:13:04'),
(640, 4, '17.00.01', 'SHIP', '-', '2026-04-14 07:13:04'),
(641, 1, '17.00.02', 'WORKSHOP', '-', '2026-04-14 07:13:04'),
(642, 2, '17.00.02', 'WORKSHOP', '-', '2026-04-14 07:13:04'),
(643, 3, '17.00.02', 'WORKSHOP', '-', '2026-04-14 07:13:04'),
(644, 4, '17.00.02', 'WORKSHOP', '-', '2026-04-14 07:13:04'),
(645, 1, '17.00.02', 'SHIP', 'W', '2026-04-14 07:13:04'),
(646, 2, '17.00.02', 'SHIP', '-', '2026-04-14 07:13:04'),
(647, 3, '17.00.02', 'SHIP', 'W', '2026-04-14 07:13:04'),
(648, 4, '17.00.02', 'SHIP', 'W', '2026-04-14 07:13:04'),
(649, 1, '18.01.01', 'WORKSHOP', 'W', '2026-04-14 07:13:04'),
(650, 2, '18.01.01', 'WORKSHOP', '-', '2026-04-14 07:13:04'),
(651, 3, '18.01.01', 'WORKSHOP', 'RV', '2026-04-14 07:13:04'),
(652, 4, '18.01.01', 'WORKSHOP', 'RV', '2026-04-14 07:13:04'),
(653, 1, '18.01.01', 'SHIP', '-', '2026-04-14 07:13:04'),
(654, 2, '18.01.01', 'SHIP', '-', '2026-04-14 07:13:04'),
(655, 3, '18.01.01', 'SHIP', '-', '2026-04-14 07:13:04'),
(656, 4, '18.01.01', 'SHIP', '-', '2026-04-14 07:13:04'),
(657, 1, '18.01.02', 'WORKSHOP', 'W', '2026-04-14 07:13:04'),
(658, 2, '18.01.02', 'WORKSHOP', '-', '2026-04-14 07:13:04'),
(659, 3, '18.01.02', 'WORKSHOP', 'W', '2026-04-14 07:13:04'),
(660, 4, '18.01.02', 'WORKSHOP', 'W', '2026-04-14 07:13:04'),
(661, 1, '18.01.02', 'SHIP', '-', '2026-04-14 07:13:04'),
(662, 2, '18.01.02', 'SHIP', '-', '2026-04-14 07:13:04'),
(663, 3, '18.01.02', 'SHIP', '-', '2026-04-14 07:13:04'),
(664, 4, '18.01.02', 'SHIP', '-', '2026-04-14 07:13:04'),
(665, 1, '18.01.03', 'WORKSHOP', '-', '2026-04-14 07:13:04'),
(666, 2, '18.01.03', 'WORKSHOP', '-', '2026-04-14 07:13:04'),
(667, 3, '18.01.03', 'WORKSHOP', '-', '2026-04-14 07:13:04'),
(668, 4, '18.01.03', 'WORKSHOP', '-', '2026-04-14 07:13:04'),
(669, 1, '18.01.03', 'SHIP', 'W', '2026-04-14 07:13:04'),
(670, 2, '18.01.03', 'SHIP', '-', '2026-04-14 07:13:04'),
(671, 3, '18.01.03', 'SHIP', 'W', '2026-04-14 07:13:04'),
(672, 4, '18.01.03', 'SHIP', 'W', '2026-04-14 07:13:04'),
(673, 1, '18.02.01', 'WORKSHOP', 'W', '2026-04-14 07:13:04'),
(674, 2, '18.02.01', 'WORKSHOP', '-', '2026-04-14 07:13:04'),
(675, 3, '18.02.01', 'WORKSHOP', 'RV', '2026-04-14 07:13:04'),
(676, 4, '18.02.01', 'WORKSHOP', 'RV', '2026-04-14 07:13:04'),
(677, 1, '18.02.01', 'SHIP', '-', '2026-04-14 07:13:04'),
(678, 2, '18.02.01', 'SHIP', '-', '2026-04-14 07:13:04'),
(679, 3, '18.02.01', 'SHIP', '-', '2026-04-14 07:13:04'),
(680, 4, '18.02.01', 'SHIP', '-', '2026-04-14 07:13:04'),
(681, 1, '18.02.02', 'WORKSHOP', '-', '2026-04-14 07:13:04'),
(682, 2, '18.02.02', 'WORKSHOP', '-', '2026-04-14 07:13:04'),
(683, 3, '18.02.02', 'WORKSHOP', '-', '2026-04-14 07:13:04'),
(684, 4, '18.02.02', 'WORKSHOP', '-', '2026-04-14 07:13:04'),
(685, 1, '18.02.02', 'SHIP', 'W', '2026-04-14 07:13:04'),
(686, 2, '18.02.02', 'SHIP', '-', '2026-04-14 07:13:04'),
(687, 3, '18.02.02', 'SHIP', 'W', '2026-04-14 07:13:04'),
(688, 4, '18.02.02', 'SHIP', 'W', '2026-04-14 07:13:04'),
(689, 1, '19.01.01', 'WORKSHOP', 'W', '2026-04-14 07:13:04'),
(690, 2, '19.01.01', 'WORKSHOP', '-', '2026-04-14 07:13:04'),
(691, 3, '19.01.01', 'WORKSHOP', 'RV', '2026-04-14 07:13:04'),
(692, 4, '19.01.01', 'WORKSHOP', 'RV', '2026-04-14 07:13:04'),
(693, 1, '19.01.01', 'SHIP', '-', '2026-04-14 07:13:04'),
(694, 2, '19.01.01', 'SHIP', '-', '2026-04-14 07:13:04'),
(695, 3, '19.01.01', 'SHIP', '-', '2026-04-14 07:13:04'),
(696, 4, '19.01.01', 'SHIP', '-', '2026-04-14 07:13:04'),
(697, 1, '19.01.02', 'WORKSHOP', 'W', '2026-04-14 07:13:04'),
(698, 2, '19.01.02', 'WORKSHOP', '-', '2026-04-14 07:13:04'),
(699, 3, '19.01.02', 'WORKSHOP', 'W', '2026-04-14 07:13:04'),
(700, 4, '19.01.02', 'WORKSHOP', 'W', '2026-04-14 07:13:04'),
(701, 1, '19.01.02', 'SHIP', '-', '2026-04-14 07:13:04'),
(702, 2, '19.01.02', 'SHIP', '-', '2026-04-14 07:13:04'),
(703, 3, '19.01.02', 'SHIP', '-', '2026-04-14 07:13:04'),
(704, 4, '19.01.02', 'SHIP', '-', '2026-04-14 07:13:04'),
(705, 1, '19.01.03', 'WORKSHOP', '-', '2026-04-14 07:13:04'),
(706, 2, '19.01.03', 'WORKSHOP', '-', '2026-04-14 07:13:04'),
(707, 3, '19.01.03', 'WORKSHOP', '-', '2026-04-14 07:13:04'),
(708, 4, '19.01.03', 'WORKSHOP', '-', '2026-04-14 07:13:04'),
(709, 1, '19.01.03', 'SHIP', 'W', '2026-04-14 07:13:04'),
(710, 2, '19.01.03', 'SHIP', '-', '2026-04-14 07:13:04'),
(711, 3, '19.01.03', 'SHIP', 'W', '2026-04-14 07:13:04'),
(712, 4, '19.01.03', 'SHIP', '-', '2026-04-14 07:13:04'),
(713, 1, '19.02.01', 'WORKSHOP', 'W', '2026-04-14 07:13:04'),
(714, 2, '19.02.01', 'WORKSHOP', 'RV', '2026-04-14 07:13:04'),
(715, 3, '19.02.01', 'WORKSHOP', 'RV', '2026-04-14 07:13:04'),
(716, 4, '19.02.01', 'WORKSHOP', 'RV', '2026-04-14 07:13:04'),
(717, 1, '19.02.01', 'SHIP', '-', '2026-04-14 07:13:04'),
(718, 2, '19.02.01', 'SHIP', '-', '2026-04-14 07:13:04'),
(719, 3, '19.02.01', 'SHIP', '-', '2026-04-14 07:13:04'),
(720, 4, '19.02.01', 'SHIP', '-', '2026-04-14 07:13:04'),
(721, 1, '19.02.02', 'WORKSHOP', 'W', '2026-04-14 07:13:04'),
(722, 2, '19.02.02', 'WORKSHOP', 'W', '2026-04-14 07:13:04'),
(723, 3, '19.02.02', 'WORKSHOP', 'W', '2026-04-14 07:13:04'),
(724, 4, '19.02.02', 'WORKSHOP', 'W', '2026-04-14 07:13:04'),
(725, 1, '19.02.02', 'SHIP', '-', '2026-04-14 07:13:04'),
(726, 2, '19.02.02', 'SHIP', '-', '2026-04-14 07:13:04'),
(727, 3, '19.02.02', 'SHIP', '-', '2026-04-14 07:13:04'),
(728, 4, '19.02.02', 'SHIP', '-', '2026-04-14 07:13:04'),
(729, 1, '19.02.03', 'WORKSHOP', '-', '2026-04-14 07:13:04'),
(730, 2, '19.02.03', 'WORKSHOP', '-', '2026-04-14 07:13:04'),
(731, 3, '19.02.03', 'WORKSHOP', '-', '2026-04-14 07:13:04'),
(732, 4, '19.02.03', 'WORKSHOP', '-', '2026-04-14 07:13:04'),
(733, 1, '19.02.03', 'SHIP', 'W', '2026-04-14 07:13:04'),
(734, 2, '19.02.03', 'SHIP', 'W', '2026-04-14 07:13:04'),
(735, 3, '19.02.03', 'SHIP', 'W', '2026-04-14 07:13:04'),
(736, 4, '19.02.03', 'SHIP', 'W', '2026-04-14 07:13:04'),
(737, 1, '20.00.01', 'WORKSHOP', 'W', '2026-04-14 07:13:04'),
(738, 2, '20.00.01', 'WORKSHOP', '-', '2026-04-14 07:13:04'),
(739, 3, '20.00.01', 'WORKSHOP', 'RV', '2026-04-14 07:13:04'),
(740, 4, '20.00.01', 'WORKSHOP', 'RV', '2026-04-14 07:13:04'),
(741, 1, '20.00.01', 'SHIP', '-', '2026-04-14 07:13:04'),
(742, 2, '20.00.01', 'SHIP', '-', '2026-04-14 07:13:04'),
(743, 3, '20.00.01', 'SHIP', '-', '2026-04-14 07:13:04'),
(744, 4, '20.00.01', 'SHIP', '-', '2026-04-14 07:13:04'),
(745, 1, '20.00.02', 'WORKSHOP', '-', '2026-04-14 07:13:04'),
(746, 2, '20.00.02', 'WORKSHOP', '-', '2026-04-14 07:13:04'),
(747, 3, '20.00.02', 'WORKSHOP', '-', '2026-04-14 07:13:04'),
(748, 4, '20.00.02', 'WORKSHOP', '-', '2026-04-14 07:13:04'),
(749, 1, '20.00.02', 'SHIP', 'W', '2026-04-14 07:13:04'),
(750, 2, '20.00.02', 'SHIP', '-', '2026-04-14 07:13:04'),
(751, 3, '20.00.02', 'SHIP', 'W', '2026-04-14 07:13:04'),
(752, 4, '20.00.02', 'SHIP', '-', '2026-04-14 07:13:04'),
(753, 1, '20.00.03', 'WORKSHOP', '-', '2026-04-14 07:13:04'),
(754, 2, '20.00.03', 'WORKSHOP', '-', '2026-04-14 07:13:04'),
(755, 3, '20.00.03', 'WORKSHOP', '-', '2026-04-14 07:13:04'),
(756, 4, '20.00.03', 'WORKSHOP', '-', '2026-04-14 07:13:04'),
(757, 1, '20.00.03', 'SHIP', 'W', '2026-04-14 07:13:04'),
(758, 2, '20.00.03', 'SHIP', 'W', '2026-04-14 07:13:04'),
(759, 3, '20.00.03', 'SHIP', 'W', '2026-04-14 07:13:04'),
(760, 4, '20.00.03', 'SHIP', 'W', '2026-04-14 07:13:04'),
(761, 1, '21.00.01', 'WORKSHOP', 'W', '2026-04-14 07:13:04'),
(762, 2, '21.00.01', 'WORKSHOP', 'RV', '2026-04-14 07:13:04'),
(763, 3, '21.00.01', 'WORKSHOP', 'RV', '2026-04-14 07:13:04'),
(764, 4, '21.00.01', 'WORKSHOP', 'RV', '2026-04-14 07:13:04'),
(765, 1, '21.00.01', 'SHIP', '-', '2026-04-14 07:13:04'),
(766, 2, '21.00.01', 'SHIP', '-', '2026-04-14 07:13:04'),
(767, 3, '21.00.01', 'SHIP', '-', '2026-04-14 07:13:04'),
(768, 4, '21.00.01', 'SHIP', '-', '2026-04-14 07:13:04'),
(769, 1, '21.00.02', 'WORKSHOP', '-', '2026-04-14 07:13:04'),
(770, 2, '21.00.02', 'WORKSHOP', '-', '2026-04-14 07:13:04'),
(771, 3, '21.00.02', 'WORKSHOP', '-', '2026-04-14 07:13:04'),
(772, 4, '21.00.02', 'WORKSHOP', '-', '2026-04-14 07:13:04'),
(773, 1, '21.00.02', 'SHIP', 'W', '2026-04-14 07:13:04'),
(774, 2, '21.00.02', 'SHIP', 'W', '2026-04-14 07:13:04'),
(775, 3, '21.00.02', 'SHIP', 'W', '2026-04-14 07:13:04'),
(776, 4, '21.00.02', 'SHIP', '-', '2026-04-14 07:13:04'),
(777, 1, '21.00.03', 'WORKSHOP', '-', '2026-04-14 07:13:04'),
(778, 2, '21.00.03', 'WORKSHOP', '-', '2026-04-14 07:13:04'),
(779, 3, '21.00.03', 'WORKSHOP', '-', '2026-04-14 07:13:04'),
(780, 4, '21.00.03', 'WORKSHOP', '-', '2026-04-14 07:13:04'),
(781, 1, '21.00.03', 'SHIP', 'W', '2026-04-14 07:13:04'),
(782, 2, '21.00.03', 'SHIP', 'W', '2026-04-14 07:13:04'),
(783, 3, '21.00.03', 'SHIP', 'W', '2026-04-14 07:13:04'),
(784, 4, '21.00.03', 'SHIP', '-', '2026-04-14 07:13:04'),
(785, 1, '22.00.01', 'WORKSHOP', 'W', '2026-04-14 07:13:04'),
(786, 2, '22.00.01', 'WORKSHOP', 'RV', '2026-04-14 07:13:04'),
(787, 3, '22.00.01', 'WORKSHOP', 'RV', '2026-04-14 07:13:04'),
(788, 4, '22.00.01', 'WORKSHOP', 'RV', '2026-04-14 07:13:04'),
(789, 1, '22.00.01', 'SHIP', '-', '2026-04-14 07:13:04'),
(790, 2, '22.00.01', 'SHIP', '-', '2026-04-14 07:13:04'),
(791, 3, '22.00.01', 'SHIP', '-', '2026-04-14 07:13:04'),
(792, 4, '22.00.01', 'SHIP', '-', '2026-04-14 07:13:04'),
(793, 1, '22.00.02', 'WORKSHOP', '-', '2026-04-14 07:13:04'),
(794, 2, '22.00.02', 'WORKSHOP', '-', '2026-04-14 07:13:04'),
(795, 3, '22.00.02', 'WORKSHOP', '-', '2026-04-14 07:13:04'),
(796, 4, '22.00.02', 'WORKSHOP', '-', '2026-04-14 07:13:04'),
(797, 1, '22.00.02', 'SHIP', 'W', '2026-04-14 07:13:04'),
(798, 2, '22.00.02', 'SHIP', '-', '2026-04-14 07:13:04'),
(799, 3, '22.00.02', 'SHIP', 'W', '2026-04-14 07:13:04'),
(800, 4, '22.00.02', 'SHIP', '-', '2026-04-14 07:13:04'),
(801, 1, '22.00.03', 'WORKSHOP', '-', '2026-04-14 07:13:04'),
(802, 2, '22.00.03', 'WORKSHOP', '-', '2026-04-14 07:13:04'),
(803, 3, '22.00.03', 'WORKSHOP', '-', '2026-04-14 07:13:04'),
(804, 4, '22.00.03', 'WORKSHOP', '-', '2026-04-14 07:13:04'),
(805, 1, '22.00.03', 'SHIP', 'W', '2026-04-14 07:13:04'),
(806, 2, '22.00.03', 'SHIP', 'W', '2026-04-14 07:13:04'),
(807, 3, '22.00.03', 'SHIP', 'W', '2026-04-14 07:13:04'),
(808, 4, '22.00.03', 'SHIP', 'W', '2026-04-14 07:13:04'),
(809, 1, '23.00.01', 'WORKSHOP', 'W', '2026-04-14 07:13:04'),
(810, 2, '23.00.01', 'WORKSHOP', 'W', '2026-04-14 07:13:04'),
(811, 3, '23.00.01', 'WORKSHOP', 'W', '2026-04-14 07:13:04'),
(812, 4, '23.00.01', 'WORKSHOP', '-', '2026-04-14 07:13:04'),
(813, 1, '23.00.01', 'SHIP', '-', '2026-04-14 07:13:04'),
(814, 2, '23.00.01', 'SHIP', '-', '2026-04-14 07:13:04'),
(815, 3, '23.00.01', 'SHIP', '-', '2026-04-14 07:13:04'),
(816, 4, '23.00.01', 'SHIP', '-', '2026-04-14 07:13:04'),
(817, 1, '23.00.02', 'WORKSHOP', 'W', '2026-04-14 07:13:04'),
(818, 2, '23.00.02', 'WORKSHOP', 'W', '2026-04-14 07:13:04'),
(819, 3, '23.00.02', 'WORKSHOP', 'W', '2026-04-14 07:13:04'),
(820, 4, '23.00.02', 'WORKSHOP', '-', '2026-04-14 07:13:04'),
(821, 1, '23.00.02', 'SHIP', '-', '2026-04-14 07:13:04'),
(822, 2, '23.00.02', 'SHIP', '-', '2026-04-14 07:13:04'),
(823, 3, '23.00.02', 'SHIP', '-', '2026-04-14 07:13:04'),
(824, 4, '23.00.02', 'SHIP', '-', '2026-04-14 07:13:04'),
(825, 1, '23.00.03', 'WORKSHOP', 'W', '2026-04-14 07:13:04'),
(826, 2, '23.00.03', 'WORKSHOP', 'W', '2026-04-14 07:13:04'),
(827, 3, '23.00.03', 'WORKSHOP', 'W', '2026-04-14 07:13:04'),
(828, 4, '23.00.03', 'WORKSHOP', '-', '2026-04-14 07:13:04'),
(829, 1, '23.00.03', 'SHIP', '-', '2026-04-14 07:13:04'),
(830, 2, '23.00.03', 'SHIP', '-', '2026-04-14 07:13:04'),
(831, 3, '23.00.03', 'SHIP', '-', '2026-04-14 07:13:04'),
(832, 4, '23.00.03', 'SHIP', '-', '2026-04-14 07:13:04'),
(833, 1, '23.00.04', 'WORKSHOP', '-', '2026-04-14 07:13:04'),
(834, 2, '23.00.04', 'WORKSHOP', '-', '2026-04-14 07:13:04'),
(835, 3, '23.00.04', 'WORKSHOP', '-', '2026-04-14 07:13:04'),
(836, 4, '23.00.04', 'WORKSHOP', '-', '2026-04-14 07:13:04'),
(837, 1, '23.00.04', 'SHIP', 'W', '2026-04-14 07:13:04'),
(838, 2, '23.00.04', 'SHIP', 'W', '2026-04-14 07:13:04'),
(839, 3, '23.00.04', 'SHIP', 'W', '2026-04-14 07:13:04'),
(840, 4, '23.00.04', 'SHIP', '-', '2026-04-14 07:13:04'),
(841, 1, '23.00.05', 'WORKSHOP', '-', '2026-04-14 07:13:04'),
(842, 2, '23.00.05', 'WORKSHOP', '-', '2026-04-14 07:13:04'),
(843, 3, '23.00.05', 'WORKSHOP', '-', '2026-04-14 07:13:04'),
(844, 4, '23.00.05', 'WORKSHOP', '-', '2026-04-14 07:13:04'),
(845, 1, '23.00.05', 'SHIP', 'W', '2026-04-14 07:13:04'),
(846, 2, '23.00.05', 'SHIP', 'W', '2026-04-14 07:13:04'),
(847, 3, '23.00.05', 'SHIP', 'W', '2026-04-14 07:13:04'),
(848, 4, '23.00.05', 'SHIP', '-', '2026-04-14 07:13:04'),
(849, 1, '23.00.06', 'WORKSHOP', '-', '2026-04-14 07:13:04'),
(850, 2, '23.00.06', 'WORKSHOP', '-', '2026-04-14 07:13:04'),
(851, 3, '23.00.06', 'WORKSHOP', '-', '2026-04-14 07:13:04'),
(852, 4, '23.00.06', 'WORKSHOP', '-', '2026-04-14 07:13:04'),
(853, 1, '23.00.06', 'SHIP', 'W', '2026-04-14 07:13:04'),
(854, 2, '23.00.06', 'SHIP', 'W', '2026-04-14 07:13:04'),
(855, 3, '23.00.06', 'SHIP', 'W', '2026-04-14 07:13:04'),
(856, 4, '23.00.06', 'SHIP', '-', '2026-04-14 07:13:04'),
(857, 1, '24.00.01', 'WORKSHOP', 'W', '2026-04-14 07:13:04'),
(858, 2, '24.00.01', 'WORKSHOP', 'RV', '2026-04-14 07:13:04'),
(859, 3, '24.00.01', 'WORKSHOP', 'RV', '2026-04-14 07:13:04'),
(860, 4, '24.00.01', 'WORKSHOP', '-', '2026-04-14 07:13:04'),
(861, 1, '24.00.01', 'SHIP', '-', '2026-04-14 07:13:04'),
(862, 2, '24.00.01', 'SHIP', '-', '2026-04-14 07:13:04'),
(863, 3, '24.00.01', 'SHIP', '-', '2026-04-14 07:13:04'),
(864, 4, '24.00.01', 'SHIP', '-', '2026-04-14 07:13:04'),
(865, 1, '24.00.02', 'WORKSHOP', '-', '2026-04-14 07:13:04'),
(866, 2, '24.00.02', 'WORKSHOP', '-', '2026-04-14 07:13:04');
INSERT INTO `role_code_assignment` (`id_role_code_assignment`, `id_role`, `kode`, `work_context`, `assignment_mark`, `created_at`) VALUES
(867, 3, '24.00.02', 'WORKSHOP', '-', '2026-04-14 07:13:04'),
(868, 4, '24.00.02', 'WORKSHOP', '-', '2026-04-14 07:13:04'),
(869, 1, '24.00.02', 'SHIP', 'W', '2026-04-14 07:13:04'),
(870, 2, '24.00.02', 'SHIP', 'W', '2026-04-14 07:13:04'),
(871, 3, '24.00.02', 'SHIP', 'W', '2026-04-14 07:13:04'),
(872, 4, '24.00.02', 'SHIP', '-', '2026-04-14 07:13:04'),
(873, 1, '24.00.03', 'WORKSHOP', '-', '2026-04-14 07:13:04'),
(874, 2, '24.00.03', 'WORKSHOP', '-', '2026-04-14 07:13:04'),
(875, 3, '24.00.03', 'WORKSHOP', '-', '2026-04-14 07:13:04'),
(876, 4, '24.00.03', 'WORKSHOP', '-', '2026-04-14 07:13:04'),
(877, 1, '24.00.03', 'SHIP', 'W', '2026-04-14 07:13:04'),
(878, 2, '24.00.03', 'SHIP', 'W', '2026-04-14 07:13:04'),
(879, 3, '24.00.03', 'SHIP', 'W', '2026-04-14 07:13:04'),
(880, 4, '24.00.03', 'SHIP', '-', '2026-04-14 07:13:04'),
(881, 1, '24.00.04', 'WORKSHOP', '-', '2026-04-14 07:13:04'),
(882, 2, '24.00.04', 'WORKSHOP', '-', '2026-04-14 07:13:04'),
(883, 3, '24.00.04', 'WORKSHOP', '-', '2026-04-14 07:13:04'),
(884, 4, '24.00.04', 'WORKSHOP', '-', '2026-04-14 07:13:04'),
(885, 1, '24.00.04', 'SHIP', 'W', '2026-04-14 07:13:04'),
(886, 2, '24.00.04', 'SHIP', 'W', '2026-04-14 07:13:04'),
(887, 3, '24.00.04', 'SHIP', 'W', '2026-04-14 07:13:04'),
(888, 4, '24.00.04', 'SHIP', '-', '2026-04-14 07:13:04'),
(889, 1, '24.00.05', 'WORKSHOP', '-', '2026-04-14 07:13:04'),
(890, 2, '24.00.05', 'WORKSHOP', '-', '2026-04-14 07:13:04'),
(891, 3, '24.00.05', 'WORKSHOP', '-', '2026-04-14 07:13:04'),
(892, 4, '24.00.05', 'WORKSHOP', '-', '2026-04-14 07:13:04'),
(893, 1, '24.00.05', 'SHIP', 'W', '2026-04-14 07:13:04'),
(894, 2, '24.00.05', 'SHIP', 'W', '2026-04-14 07:13:04'),
(895, 3, '24.00.05', 'SHIP', 'W', '2026-04-14 07:13:04'),
(896, 4, '24.00.05', 'SHIP', 'W', '2026-04-14 07:13:04'),
(897, 1, '24.00.06', 'WORKSHOP', '-', '2026-04-14 07:13:04'),
(898, 2, '24.00.06', 'WORKSHOP', '-', '2026-04-14 07:13:04'),
(899, 3, '24.00.06', 'WORKSHOP', '-', '2026-04-14 07:13:04'),
(900, 4, '24.00.06', 'WORKSHOP', '-', '2026-04-14 07:13:04'),
(901, 1, '24.00.06', 'SHIP', 'W', '2026-04-14 07:13:04'),
(902, 2, '24.00.06', 'SHIP', 'W', '2026-04-14 07:13:04'),
(903, 3, '24.00.06', 'SHIP', 'W', '2026-04-14 07:13:04'),
(904, 4, '24.00.06', 'SHIP', '-', '2026-04-14 07:13:04'),
(905, 1, '25.00.01', 'WORKSHOP', '-', '2026-04-14 07:13:04'),
(906, 2, '25.00.01', 'WORKSHOP', '-', '2026-04-14 07:13:04'),
(907, 3, '25.00.01', 'WORKSHOP', '-', '2026-04-14 07:13:04'),
(908, 4, '25.00.01', 'WORKSHOP', '-', '2026-04-14 07:13:04'),
(909, 1, '25.00.01', 'SHIP', 'W', '2026-04-14 07:13:04'),
(910, 2, '25.00.01', 'SHIP', 'W', '2026-04-14 07:13:04'),
(911, 3, '25.00.01', 'SHIP', 'W', '2026-04-14 07:13:04'),
(912, 4, '25.00.01', 'SHIP', 'W', '2026-04-14 07:13:04'),
(913, 1, '25.00.02', 'WORKSHOP', '-', '2026-04-14 07:13:04'),
(914, 2, '25.00.02', 'WORKSHOP', '-', '2026-04-14 07:13:04'),
(915, 3, '25.00.02', 'WORKSHOP', '-', '2026-04-14 07:13:04'),
(916, 4, '25.00.02', 'WORKSHOP', '-', '2026-04-14 07:13:04'),
(917, 1, '25.00.02', 'SHIP', 'W', '2026-04-14 07:13:04'),
(918, 2, '25.00.02', 'SHIP', 'W', '2026-04-14 07:13:04'),
(919, 3, '25.00.02', 'SHIP', 'W', '2026-04-14 07:13:04'),
(920, 4, '25.00.02', 'SHIP', 'W', '2026-04-14 07:13:04'),
(921, 1, '26.00.01', 'WORKSHOP', 'W', '2026-04-14 07:13:04'),
(922, 2, '26.00.01', 'WORKSHOP', 'RV', '2026-04-14 07:13:04'),
(923, 3, '26.00.01', 'WORKSHOP', 'RV', '2026-04-14 07:13:04'),
(924, 4, '26.00.01', 'WORKSHOP', '-', '2026-04-14 07:13:04'),
(925, 1, '26.00.01', 'SHIP', '-', '2026-04-14 07:13:04'),
(926, 2, '26.00.01', 'SHIP', '-', '2026-04-14 07:13:04'),
(927, 3, '26.00.01', 'SHIP', '-', '2026-04-14 07:13:04'),
(928, 4, '26.00.01', 'SHIP', '-', '2026-04-14 07:13:04'),
(929, 1, '26.00.02', 'WORKSHOP', '-', '2026-04-14 07:13:04'),
(930, 2, '26.00.02', 'WORKSHOP', '-', '2026-04-14 07:13:04'),
(931, 3, '26.00.02', 'WORKSHOP', '-', '2026-04-14 07:13:04'),
(932, 4, '26.00.02', 'WORKSHOP', '-', '2026-04-14 07:13:04'),
(933, 1, '26.00.02', 'SHIP', 'W', '2026-04-14 07:13:04'),
(934, 2, '26.00.02', 'SHIP', 'W', '2026-04-14 07:13:04'),
(935, 3, '26.00.02', 'SHIP', 'W', '2026-04-14 07:13:04'),
(936, 4, '26.00.02', 'SHIP', '-', '2026-04-14 07:13:04'),
(937, 1, '27.00.00', 'WORKSHOP', '-', '2026-04-14 07:13:04'),
(938, 2, '27.00.00', 'WORKSHOP', '-', '2026-04-14 07:13:04'),
(939, 3, '27.00.00', 'WORKSHOP', '-', '2026-04-14 07:13:04'),
(940, 4, '27.00.00', 'WORKSHOP', '-', '2026-04-14 07:13:04'),
(941, 1, '27.00.00', 'SHIP', 'W', '2026-04-14 07:13:04'),
(942, 2, '27.00.00', 'SHIP', 'W', '2026-04-14 07:13:04'),
(943, 3, '27.00.00', 'SHIP', 'W', '2026-04-14 07:13:04'),
(944, 4, '27.00.00', 'SHIP', 'W', '2026-04-14 07:13:04'),
(945, 1, '28.00.00', 'WORKSHOP', '-', '2026-04-14 07:13:04'),
(946, 2, '28.00.00', 'WORKSHOP', '-', '2026-04-14 07:13:04'),
(947, 3, '28.00.00', 'WORKSHOP', '-', '2026-04-14 07:13:04'),
(948, 4, '28.00.00', 'WORKSHOP', '-', '2026-04-14 07:13:04'),
(949, 1, '28.00.00', 'SHIP', 'W', '2026-04-14 07:13:04'),
(950, 2, '28.00.00', 'SHIP', 'W', '2026-04-14 07:13:04'),
(951, 3, '28.00.00', 'SHIP', 'W', '2026-04-14 07:13:04'),
(952, 4, '28.00.00', 'SHIP', 'W', '2026-04-14 07:13:04'),
(953, 1, '29.00.00', 'WORKSHOP', '-', '2026-04-14 07:13:04'),
(954, 2, '29.00.00', 'WORKSHOP', '-', '2026-04-14 07:13:04'),
(955, 3, '29.00.00', 'WORKSHOP', '-', '2026-04-14 07:13:04'),
(956, 4, '29.00.00', 'WORKSHOP', '-', '2026-04-14 07:13:04'),
(957, 1, '29.00.00', 'SHIP', 'W', '2026-04-14 07:13:04'),
(958, 2, '29.00.00', 'SHIP', '-', '2026-04-14 07:13:04'),
(959, 3, '29.00.00', 'SHIP', 'W', '2026-04-14 07:13:04'),
(960, 4, '29.00.00', 'SHIP', '-', '2026-04-14 07:13:04'),
(961, 1, '30.00.00', 'WORKSHOP', '-', '2026-04-14 07:13:04'),
(962, 2, '30.00.00', 'WORKSHOP', '-', '2026-04-14 07:13:04'),
(963, 3, '30.00.00', 'WORKSHOP', '-', '2026-04-14 07:13:04'),
(964, 4, '30.00.00', 'WORKSHOP', '-', '2026-04-14 07:13:04'),
(965, 1, '30.00.00', 'SHIP', 'W', '2026-04-14 07:13:04'),
(966, 2, '30.00.00', 'SHIP', 'W', '2026-04-14 07:13:04'),
(967, 3, '30.00.00', 'SHIP', 'W', '2026-04-14 07:13:04'),
(968, 4, '30.00.00', 'SHIP', 'W', '2026-04-14 07:13:04'),
(969, 1, '31.00.00', 'WORKSHOP', '-', '2026-04-14 07:13:04'),
(970, 2, '31.00.00', 'WORKSHOP', '-', '2026-04-14 07:13:04'),
(971, 3, '31.00.00', 'WORKSHOP', '-', '2026-04-14 07:13:04'),
(972, 4, '31.00.00', 'WORKSHOP', '-', '2026-04-14 07:13:04'),
(973, 1, '31.00.00', 'SHIP', 'W', '2026-04-14 07:13:04'),
(974, 2, '31.00.00', 'SHIP', '-', '2026-04-14 07:13:04'),
(975, 3, '31.00.00', 'SHIP', 'W', '2026-04-14 07:13:04'),
(976, 4, '31.00.00', 'SHIP', '-', '2026-04-14 07:13:04'),
(977, 1, '32.00.00', 'WORKSHOP', '-', '2026-04-14 07:13:04'),
(978, 2, '32.00.00', 'WORKSHOP', '-', '2026-04-14 07:13:04'),
(979, 3, '32.00.00', 'WORKSHOP', '-', '2026-04-14 07:13:04'),
(980, 4, '32.00.00', 'WORKSHOP', '-', '2026-04-14 07:13:04'),
(981, 1, '32.00.00', 'SHIP', 'W', '2026-04-14 07:13:04'),
(982, 2, '32.00.00', 'SHIP', '-', '2026-04-14 07:13:04'),
(983, 3, '32.00.00', 'SHIP', 'W', '2026-04-14 07:13:04'),
(984, 4, '32.00.00', 'SHIP', '-', '2026-04-14 07:13:04'),
(985, 1, '33.00.00', 'WORKSHOP', '-', '2026-04-14 07:13:04'),
(986, 2, '33.00.00', 'WORKSHOP', '-', '2026-04-14 07:13:04'),
(987, 3, '33.00.00', 'WORKSHOP', '-', '2026-04-14 07:13:04'),
(988, 4, '33.00.00', 'WORKSHOP', '-', '2026-04-14 07:13:04'),
(989, 1, '33.00.00', 'SHIP', 'W', '2026-04-14 07:13:04'),
(990, 2, '33.00.00', 'SHIP', 'W', '2026-04-14 07:13:04'),
(991, 3, '33.00.00', 'SHIP', 'W', '2026-04-14 07:13:04'),
(992, 4, '33.00.00', 'SHIP', '-', '2026-04-14 07:13:04');

-- --------------------------------------------------------

--
-- Table structure for table `subblok`
--

CREATE TABLE `subblok` (
  `id_subblok` int(11) NOT NULL,
  `id_blok` int(11) DEFAULT NULL,
  `nama_subblok` varchar(100) NOT NULL,
  `created_at` timestamp NOT NULL DEFAULT current_timestamp()
) ENGINE=InnoDB DEFAULT CHARSET=utf8mb4 COLLATE=utf8mb4_general_ci;

--
-- Dumping data for table `subblok`
--

INSERT INTO `subblok` (`id_subblok`, `id_blok`, `nama_subblok`, `created_at`) VALUES
(1, 1, 'B1', '2026-04-08 05:30:02'),
(2, 1, 'B1-MD', '2026-04-08 05:30:02'),
(3, 1, 'Assembly B1-MD', '2026-04-08 05:30:02'),
(4, 1, 'Join B1 & B1-MD', '2026-04-08 05:30:02'),
(5, 2, 'B2', '2026-04-08 05:30:02'),
(6, 2, 'B2-MD', '2026-04-08 05:30:02'),
(7, 2, 'Assembly B2-MD', '2026-04-08 05:30:02'),
(8, 2, 'Join B2 & B2-MD', '2026-04-08 05:30:02'),
(9, 2, 'Join B1 & B2', '2026-04-08 05:30:02'),
(10, 3, 'B3', '2026-04-08 05:30:02'),
(11, 3, 'Assembly RLDK-P', '2026-04-08 05:30:02'),
(12, 3, 'Assembly RLDK-S', '2026-04-08 05:30:02'),
(13, 3, 'Join B3 & RLDK', '2026-04-08 05:30:02'),
(14, 4, 'B4', '2026-04-08 05:30:02'),
(15, 4, 'Assembly RLDK-P', '2026-04-08 05:30:02'),
(16, 4, 'Assembly RLDK-S', '2026-04-08 05:30:02'),
(17, 4, 'Join B4 & RLDK', '2026-04-08 05:30:02'),
(18, 4, 'Join B3 & B4', '2026-04-08 05:30:02'),
(19, 5, 'B5', '2026-04-08 05:30:02'),
(20, 5, 'Assembly RLDK-P', '2026-04-08 05:30:02'),
(21, 5, 'Assembly RLDK-S', '2026-04-08 05:30:02'),
(22, 5, 'Join B5 & RLDK', '2026-04-08 05:30:02'),
(23, 6, 'B6', '2026-04-08 05:30:02'),
(24, 6, 'Assembly RLDK-P', '2026-04-08 05:30:02'),
(25, 6, 'Assembly RLDK-S', '2026-04-08 05:30:02'),
(26, 6, 'Join B6 & RLDK', '2026-04-08 05:30:02'),
(27, 6, 'Join B5 & B6', '2026-04-08 05:30:02'),
(28, 7, 'B7', '2026-04-08 05:30:02'),
(29, 7, 'Assembly RLDK-P', '2026-04-08 05:30:02'),
(30, 7, 'Assembly RLDK-S', '2026-04-08 05:30:02'),
(31, 7, 'Join B7 & RLDK', '2026-04-08 05:30:02'),
(32, 8, 'B8', '2026-04-08 05:30:02'),
(33, 8, 'Assembly RLDK-P', '2026-04-08 05:30:02'),
(34, 8, 'Assembly RLDK-S', '2026-04-08 05:30:02'),
(35, 8, 'Assembly Forecastle', '2026-04-08 05:30:02'),
(36, 8, 'Join B8, RLDK, F\'Castle Deck', '2026-04-08 05:30:02'),
(37, 8, 'Join B7 & B8', '2026-04-08 05:30:02'),
(38, 9, 'B9', '2026-04-08 05:30:02'),
(39, 9, 'Assembly Forecastle', '2026-04-08 05:30:02'),
(40, 9, 'Join B9, RLDK, F\'Castle Deck', '2026-04-08 05:30:02'),
(41, 9, 'Join B9 (Modul 5)', '2026-04-08 05:30:02'),
(42, 10, 'B10-PD', '2026-04-08 05:30:02'),
(43, 10, 'Assembly B10-PD', '2026-04-08 05:30:02'),
(44, 10, 'B10-WH', '2026-04-08 05:30:02'),
(45, 10, 'Assembly B10-WH', '2026-04-08 05:30:02'),
(46, 10, 'Join B10-PD & B10-WH', '2026-04-08 05:30:02');

-- --------------------------------------------------------

--
-- Table structure for table `user`
--

CREATE TABLE `user` (
  `id_user` int(11) NOT NULL,
  `id_role` int(11) NOT NULL,
  `nama` varchar(100) NOT NULL,
  `username` varchar(50) NOT NULL,
  `password` varchar(255) NOT NULL,
  `created_at` timestamp NOT NULL DEFAULT current_timestamp()
) ENGINE=InnoDB DEFAULT CHARSET=utf8mb4 COLLATE=utf8mb4_general_ci;

--
-- Dumping data for table `user`
--

INSERT INTO `user` (`id_user`, `id_role`, `nama`, `username`, `password`, `created_at`) VALUES
(1, 5, 'Admin Utama', 'admin', 'ac0e7d037817094e9e0b4441f9bae3209d67b02fa484917065f71b16109a1a78', '2026-04-14 07:54:32'),
(2, 1, 'Budi Santoso', 'budi', 'f88f62099627f624dafaa4b1f99c836beae28f4a9b9b80289a9d079306b419aa', '2026-04-14 07:54:32'),
(3, 2, 'Andi Wijaya', 'andi', '238c2a71aae99a38a043b675d07571ee06f415682ab80bbf78634a042deac51c', '2026-04-14 07:54:32'),
(4, 3, 'Cici Lestari', 'cici', '4a112dec0c9c1da33e83b7ce3d416dd9b70ea3d10410db1ef30e6c52d57c8841', '2026-04-14 07:54:32'),
(5, 4, 'Mela Putri', 'mela', '81c7ba3dcd3252fc0f8544513b3529e1c3b29f67801d0c220db09a47e466029c', '2026-04-14 07:54:32');

--
-- Indexes for dumped tables
--

--
-- Indexes for table `assembly_code`
--
ALTER TABLE `assembly_code`
  ADD PRIMARY KEY (`assembly_code`),
  ADD KEY `id_subblok` (`id_subblok`);

--
-- Indexes for table `blok`
--
ALTER TABLE `blok`
  ADD PRIMARY KEY (`id_blok`),
  ADD KEY `id_modul` (`id_modul`);

--
-- Indexes for table `itp_data`
--
ALTER TABLE `itp_data`
  ADD PRIMARY KEY (`id_itp_data`),
  ADD KEY `kode` (`kode`),
  ADD KEY `fk_itp_data_assembly_code` (`assembly_code`);

--
-- Indexes for table `kode`
--
ALTER TABLE `kode`
  ADD PRIMARY KEY (`kode`);

--
-- Indexes for table `kode_assembly_code`
--
ALTER TABLE `kode_assembly_code`
  ADD PRIMARY KEY (`id`),
  ADD UNIQUE KEY `kode` (`kode`,`assembly_code`),
  ADD KEY `assembly_code` (`assembly_code`);

--
-- Indexes for table `modul`
--
ALTER TABLE `modul`
  ADD PRIMARY KEY (`id_modul`);

--
-- Indexes for table `role`
--
ALTER TABLE `role`
  ADD PRIMARY KEY (`id_role`);

--
-- Indexes for table `role_code_assignment`
--
ALTER TABLE `role_code_assignment`
  ADD PRIMARY KEY (`id_role_code_assignment`),
  ADD UNIQUE KEY `uq_role_kode_context` (`id_role`,`kode`,`work_context`),
  ADD KEY `fk_rca_kode` (`kode`);

--
-- Indexes for table `subblok`
--
ALTER TABLE `subblok`
  ADD PRIMARY KEY (`id_subblok`),
  ADD KEY `id_blok` (`id_blok`);

--
-- Indexes for table `user`
--
ALTER TABLE `user`
  ADD PRIMARY KEY (`id_user`),
  ADD KEY `id_role` (`id_role`);

--
-- AUTO_INCREMENT for dumped tables
--

--
-- AUTO_INCREMENT for table `blok`
--
ALTER TABLE `blok`
  MODIFY `id_blok` int(11) NOT NULL AUTO_INCREMENT, AUTO_INCREMENT=11;

--
-- AUTO_INCREMENT for table `itp_data`
--
ALTER TABLE `itp_data`
  MODIFY `id_itp_data` int(11) NOT NULL AUTO_INCREMENT, AUTO_INCREMENT=11;

--
-- AUTO_INCREMENT for table `kode_assembly_code`
--
ALTER TABLE `kode_assembly_code`
  MODIFY `id` int(11) NOT NULL AUTO_INCREMENT, AUTO_INCREMENT=526;

--
-- AUTO_INCREMENT for table `modul`
--
ALTER TABLE `modul`
  MODIFY `id_modul` int(11) NOT NULL AUTO_INCREMENT, AUTO_INCREMENT=7;

--
-- AUTO_INCREMENT for table `role`
--
ALTER TABLE `role`
  MODIFY `id_role` int(11) NOT NULL AUTO_INCREMENT, AUTO_INCREMENT=6;

--
-- AUTO_INCREMENT for table `role_code_assignment`
--
ALTER TABLE `role_code_assignment`
  MODIFY `id_role_code_assignment` int(11) NOT NULL AUTO_INCREMENT, AUTO_INCREMENT=993;

--
-- AUTO_INCREMENT for table `subblok`
--
ALTER TABLE `subblok`
  MODIFY `id_subblok` int(11) NOT NULL AUTO_INCREMENT, AUTO_INCREMENT=47;

--
-- AUTO_INCREMENT for table `user`
--
ALTER TABLE `user`
  MODIFY `id_user` int(11) NOT NULL AUTO_INCREMENT, AUTO_INCREMENT=6;

--
-- Constraints for dumped tables
--

--
-- Constraints for table `assembly_code`
--
ALTER TABLE `assembly_code`
  ADD CONSTRAINT `assembly_code_ibfk_1` FOREIGN KEY (`id_subblok`) REFERENCES `subblok` (`id_subblok`) ON DELETE CASCADE ON UPDATE CASCADE;

--
-- Constraints for table `blok`
--
ALTER TABLE `blok`
  ADD CONSTRAINT `blok_ibfk_1` FOREIGN KEY (`id_modul`) REFERENCES `modul` (`id_modul`) ON DELETE CASCADE ON UPDATE CASCADE;

--
-- Constraints for table `itp_data`
--
ALTER TABLE `itp_data`
  ADD CONSTRAINT `fk_itp_data_assembly_code` FOREIGN KEY (`assembly_code`) REFERENCES `assembly_code` (`assembly_code`),
  ADD CONSTRAINT `itp_data_ibfk_2` FOREIGN KEY (`kode`) REFERENCES `kode` (`kode`) ON DELETE CASCADE ON UPDATE CASCADE;

--
-- Constraints for table `kode_assembly_code`
--
ALTER TABLE `kode_assembly_code`
  ADD CONSTRAINT `kode_assembly_code_ibfk_1` FOREIGN KEY (`kode`) REFERENCES `kode` (`kode`) ON DELETE CASCADE ON UPDATE CASCADE,
  ADD CONSTRAINT `kode_assembly_code_ibfk_2` FOREIGN KEY (`assembly_code`) REFERENCES `assembly_code` (`assembly_code`) ON DELETE CASCADE ON UPDATE CASCADE;

--
-- Constraints for table `role_code_assignment`
--
ALTER TABLE `role_code_assignment`
  ADD CONSTRAINT `fk_rca_kode` FOREIGN KEY (`kode`) REFERENCES `kode` (`kode`),
  ADD CONSTRAINT `fk_rca_role` FOREIGN KEY (`id_role`) REFERENCES `role` (`id_role`);

--
-- Constraints for table `subblok`
--
ALTER TABLE `subblok`
  ADD CONSTRAINT `subblok_ibfk_1` FOREIGN KEY (`id_blok`) REFERENCES `blok` (`id_blok`) ON DELETE CASCADE ON UPDATE CASCADE;

--
-- Constraints for table `user`
--
ALTER TABLE `user`
  ADD CONSTRAINT `user_ibfk_1` FOREIGN KEY (`id_role`) REFERENCES `role` (`id_role`) ON UPDATE CASCADE;
COMMIT;

/*!40101 SET CHARACTER_SET_CLIENT=@OLD_CHARACTER_SET_CLIENT */;
/*!40101 SET CHARACTER_SET_RESULTS=@OLD_CHARACTER_SET_RESULTS */;
/*!40101 SET COLLATION_CONNECTION=@OLD_COLLATION_CONNECTION */;
